Letter URL,Name,Incident_Began,Incident_Discovered,Incident_Ended,Incident_Reported,Total_Affected,Residents_Affected,Credit_Monitoring,Name,SSN,DOB,Drivers License,Financial Acct,Credit/Debit
https://cca.hawaii.gov/ocp/files/2019/07/Oklahoma_Department_of_Securities_OCP_2019-0296.pdf,Oklahoma Department of Securities,11-Dec-18,,,20-Jun-19,,1028,Y,Y,Y,Y,Y,Y,
https://cca.hawaii.gov/ocp/files/2019/07/Mediant_Communications_Inc_OCP_2019-0297.pdf,Mediant Communications Inc,1-Apr-19,,1-Apr-19,28-May-19,,1774,Y,Y,Y,N,N,Y,
https://cca.hawaii.gov/ocp/files/2019/04/flexPATH-Strategies-LLC-OCP-2019-0117.pdf,flexPath Strategies LLC,,,,17-Apr-19,,1573,Y,,,,,,
https://cca.hawaii.gov/ocp/files/2018/12/Thesy_LLC_OCP_2018-0599.pdf,Thesy LLC,6-Dec-17,27-Jun-18,,2-Nov-18,,,Y,,,,,,Y
https://cca.hawaii.gov/ocp/files/2018/11/Bankers_Life_OCP_2018-0552.pdf,Bankers Life,30-May-18,7-Aug-18,13-Sep-18,,,,Y,Y,Y,Y,Y,Y,Y
https://cca.hawaii.gov/ocp/files/2018/11/Complyright-Inc_OCP_2018-0314.pdf,ComplyRight Inc,20-Apr-18,22-May-18,22-May-18,,,,Y,Y,Y,,,,
https://cca.hawaii.gov/ocp/files/2018/11/Global-University_OCP_2018-0303.pdf,Global University,31-Dec-17,1-Feb-18,31-Jan-18,8-May-18,,,Y,,Y,,,,
https://cca.hawaii.gov/ocp/files/2018/11/TaskRabbit_Inc_OCP_2018-0206.pdf,TaskRabbit Inc,,12-Apr-18,,10-May-18,,,Y,Y,N,Y,N,N,Y
https://cca.hawaii.gov/ocp/files/2018/11/Delta_Air_Lines_Inc_247ai_OCP_2018-0161.pdf,[24]7.ai,26-Sep-17,,12-Oct-17,11-Apr-18,,,Y,Y,,,N,,Y
https://cca.hawaii.gov/ocp/files/2018/11/Orbitz-LLC_OCP_2018-0133.pdf,Orbitz,1-Oct-17,,22-Dec-17,22-Mar-18,,,Y,Y,N,Y,N,N,Y
https://cca.hawaii.gov/ocp/files/2016/05/Aqua-Aston-Hospitality-LLC-OCP-2017-0302.pdf,Sabre GLBL Inc,10-Aug-16,,9-Mar-17,10-Jul-17,,,N,Y,N,N,N,,Y
https://cca.hawaii.gov/ocp/files/2016/05/Jackson-Hewitt-Tax-Services-Inc-OCP-2017-0304.pdf,Jackson Hewitt Tax Services Inc,May-16,Feb-17,Dec-16,28-Apr-17,,5659,Y,Y,Y,N,Y,Y,
https://cca.hawaii.gov/ocp/files/2016/05/Nutrex-Hawaii-Inc.-OCP-2017-0179.pdf,Nutrex Hawaii Inc,,Nov-16,,24-Feb-17,,1168,,Y,N,,,,Y
https://cca.hawaii.gov/ocp/files/2016/05/Tempur-Pedic-OCP-2017-0180.pdf,Aptos Inc (Tempur Pedic),,,,10-Apr-17,,1302,Y,Y,N,N,N,,Y
https://cca.hawaii.gov/ocp/files/2016/05/Plow-Hearth-OCP-2017-0181.pdf,Aptos Inc (Plow and Hearth LLC),Feb-16,6-Feb-17,Dec-16,10-Apr-17,,1834,Y,Y,N,N,N,,Y
https://cca.hawaii.gov/ocp/files/2016/05/prAna-OCP-2017-0118.pdf,prAna,,6-Feb-17,,"17 March, 2019",,,,Y,N,N,N,,Y
https://cca.hawaii.gov/ocp/files/2016/05/Spiraledge-Inc.-OCP-2017-0034.pdf,"Spiraledge Inc (SwimOutlet.com, YogaOutlet.com)",2-May-16,28-Nov-16,22-Nov-16,12-Jan-17,,27-Dec-04,N,,,,,,Y
https://cca.hawaii.gov/ocp/files/2016/09/OCP-2016-0445.pdf,ACTIVEOutdoors,,22-Aug-16,,20-Sep-16,,3984,N,Y,Y,Y,Y,N,N
http://cca.hawaii.gov/ocp/files/2016/05/OCP-2016-0247.pdf,doTERRA International LLC,Mar-16,,,,,17315,Y,Y,Y,Y,,,Y
http://cca.hawaii.gov/ocp/files/2016/03/OCP-2016-0145.pdf,Bailey's Inc,Dec-11,,,15-Mar-16,,1319,,N,N,N,N,N,Y
http://cca.hawaii.gov/ocp/files/2016/02/OCP-2016-0087.pdf,Gryft Inc,3-Oct-15,3-Dec-15,18-Dec-15,5-Feb-16,,,N,Y,N,,N,Y,N
http://cca.hawaii.gov/ocp/files/2016/02/OCP-2016-0044.pdf,"Matson Navigation Company Inc, Horizon Lines",,7-Dec-15,,23-Dec-15,,1150,,Y,Y,Y,,Y,N
http://cca.hawaii.gov/ocp/files/2015/12/OCP-2015-0692.pdf,Digital Theatre LLC,,9-Oct-15,,2-Nov-15,,1453,N,Y,N,N,N,N,Y
http://cca.hawaii.gov/ocp/files/2015/12/OCP-2015-0631.pdf,Scottrade Inc,2013,,2014,2-Oct-15,,32778,Y,Y,Y,,,N,N
http://cca.hawaii.gov/ocp/files/2015/12/OCP-2015-0605.pdf,Costco,,17-Jun-15,,28-Sep-15,,4436,,,,,,,Y
http://cca.hawaii.gov/ocp/files/2015/12/OCP-2015-0602.pdf,Yapstone dba VacationRent Payment,15-Jul-14,4-Aug-15,5-Aug-15,15-Sep-15,,3486,Y,,,,,,
http://cca.hawaii.gov/ocp/files/2015/12/OCP-2015-0543.pdf,Hawaii First FCU,,1-Jun-15,,1-Sep-15,5965,5708,,Y,Y,N,N,N,N
http://cca.hawaii.gov/ocp/files/2015/12/OCP-2015-0447.pdf,UCLA Health,September 2014,5-May-15,,,,5446,Y,Y,Y,Y,N,N,N
http://cca.hawaii.gov/ocp/files/2015/12/OCP-2015-0419.pdf,"Automotive Recovery Services Inc, dba Vehicle Donation Processing Center",July 2012,1-Jun-15,May 2015,15-Jul-15,,1163,Y,,,,,,
http://cca.hawaii.gov/ocp/files/2015/12/OCP-2015-0207.pdf,Premera Blue Cross,5-May-14,29-Jan-15,,19-Mar-15,,,Y,Y,Y,Y,N,Y,
http://cca.hawaii.gov/ocp/files/2015/12/OCP-2015-0104.pdf,Oahu Publications Inc,April 2014,,,15-Feb-18,,3543,,,,,,,
http://cca.hawaii.gov/ocp/files/2015/12/OCP-2015-0082.pdf,Anthem,10-Dec-14,29-Jan-15,27-Jan-15,12-Feb-15,,,N,Y,Y,Y,,,N
http://cca.hawaii.gov/ocp/files/2015/12/OCP-2014-1045.pdf,Tham Enterprise Inc,7-Nov-14,,,18-Dec-14,,,,,,,,,
http://cca.hawaii.gov/ocp/files/2015/12/OCP-2014-0884.pdf,Viator,,,,,,,,,,,,,
http://cca.hawaii.gov/ocp/files/2015/12/OCP-2014-0839.pdf,The Home Depot Inc,,,,,,,,,,,,,
http://cca.hawaii.gov/ocp/files/2015/12/OCP-2014-0767.pdf,The Northern Trust Co,,,,,,1267,,,,,,,
http://cca.hawaii.gov/ocp/files/2015/12/OCP-2014-0113.pdf,The Variable Annuity Life Insurance Co,,,,,,,,,,,,,
http://cca.hawaii.gov/ocp/files/2015/12/OCP-2014-0039.pdf,,,,,,,,,,,,,,
http://cca.hawaii.gov/ocp/files/2015/12/OCP-2013-0790.pdf,,,,,,,,,,,,,,
http://cca.hawaii.gov/ocp/files/2015/12/OCP-2013-0775.pdf,,,,,,,,,,,,,,
http://cca.hawaii.gov/ocp/files/2015/12/OCP-2013-0770.pdf,,,,,,,,,,,,,,
http://cca.hawaii.gov/ocp/files/2015/12/OCP-2013-0653.pdf,,,,,,,,,,,,,,
http://cca.hawaii.gov/ocp/files/2015/12/OCP-2012-1358.pdf,,,,,,,,,,,,,,
http://cca.hawaii.gov/ocp/files/2015/12/OCP-2012-0353.pdf,,,,,,,,,,,,,,
http://cca.hawaii.gov/ocp/files/2015/12/OCP-2011-0599.pdf,,,,,,,,,,,,,,
http://cca.hawaii.gov/ocp/files/2015/12/OCP-2011-0545.pdf,,,,,,,,,,,,,,
http://cca.hawaii.gov/ocp/files/2015/12/OCP-2011-0153.pdf,,,,,,,,,,,,,,
http://cca.hawaii.gov/ocp/files/2015/12/OCP-2010-0017.pdf,,,,,,,,,,,,,,
http://cca.hawaii.gov/ocp/files/2015/12/OCP-2009-1374.pdf,,,,,,,,,,,,,,
,,,,,,,,,,,,,,
