BUSINESS NAME,NOTIFICATION DOCUMENTS,START OF BREACH,END OF BREACH,DATE REPORTED,MONTANANS AFFECTED
4 Ever Life Insurance,Breach Notification/Details,10/29/2018,11/13/2018,1/16/2019,2
Reliant Rehabilitation,Breach Notification/Details,9/13/2018,9/18/2018,1/16/2019,30
Graeter's Ice Cream,Breach Notification/Details,6/28/2018,12/17/2018,1/15/2019,15
"International E-Z UP, Inc.",Breach Notification/Details,5/11/2018,8/2/2018,1/11/2019,32
"Bradley W. Orser, C.P.A., Inc., P.S.",Breach Notification/Details,11/6/2018,11/6/2018,1/11/2019,1
First American Payment Systems,Breach Notification/Details,8/1/2016,12/7/2018,1/10/2019,1
"Real Estate Digital, LLC",Breach Notification/Details,11/27/2018,11/27/2018,1/10/2019,1
Welders Supply,Breach Notification/Details,11/14/2018,12/6/2018,1/9/2019,8
"A&A Global Imports, Inc",Breach Notifications/Details,8/15/2017,01/04/0019,1/9/2019,456
Century Spring Corp.,Breach Notification/Details,7/13/2018,10/2/2018,1/8/2019,5
Capital One Bank,Breach Notification/Details,6/25/2017,2/15/2018,1/8/2019,4
Oliver Companies,Breach Notification/Details,6/1/2018,6/30/2018,1/4/2019,1
Auburn University,Breach Notification/Details,12/6/2018,12/6/2018,1/4/2019,2
"Centerstone Insurance and Financial Services, dba BenefitMall",Breach Notification/Details,6/1/2018,10/11/2018,1/4/2019,140
Progress Bank,Breach Notification/Details,7/18/2018,7/18/2018,1/1/2019,1
"Bel USA, LLC (DiscountMugs.com)",Breach Notification/Details,8/5/2018,11/16/2018,12/31/2018,278
Westminster College,Breach Notification/Details,5/1/2018,7/21/2018,12/28/2018,4
General Dynamics Information Technology,Breach Notification/Details,10/31/2018,11/13/2018,12/28/2018,43
College of Eastern Idaho (CEI),Breach Notification/Details,7/14/2018,9/12/2018,12/27/2018,2
Infinera Corporation,Breach Notification/Details,5/8/2018,6/8/2018,12/27/2018,1
Prudential Insurance Company of America,Breach Notification/Details,2/6/2018,9/12/2018,12/27/2018,23
4A's Benefits,Breach Notification/Details,12/6/2017,12/12/2017,12/26/2018,2
"Ameriprise Financial Services, Inc.",Breach Notification/Details,11/11/2018,11/11/2018,12/21/2018,2
"Benchmade Knife Co., Inc.",Breach Notification/Details,9/1/2018,10/10/2018,12/21/2018,27
"Kestra Investment Services, LLC",Breach Notification/Details,11/1/2018,11/1/2018,12/20/2018,2
JAND Inc. (Warby Parker),Breach Notification/Details,9/25/2018,11/26/2018,12/20/2018,77
"Capitol Law Group, PLLC",Breach Notification/Details,4/8/2018,5/13/2018,12/20/2018,1
"Avis Budget Car Rental, LLC",Breach Notification/Details,11/16/2018,12/20/2018,12/19/2018,1
GoldSilver LLC,Breach Notification/Details,9/28/2018,11/20/2018,12/19/2018,6
"Beverages & More, Inc. (BevMo)",Breach Notification/Details,8/2/2018,9/26/2018,12/17/2018,9
"Dr. Ben Lynch, LLC",Breach Notification/Details,9/8/2018,10/2/2018,12/17/2018,2
Springstone Financial,Breach Notification/Details,7/27/2018,8/2/2018,12/14/2018,129
Free Speech Systems LLC (InfoWars),Breach Notification/Details,11/12/2018,11/13/2018,12/14/2018,11
COR Clearing LLC (COR),Breach Notification/Details,9/7/2018,9/7/2018,12/12/2018,1
Backcountry Edge,Breach Notification/Details,11/24/2018,11/26/2018,12/11/2018,5
Farmer Bros. Co.,Breach Notification/Details,5/1/2018,9/24/2018,12/11/2018,28
Beecher Carlson,Breach Notification/Details,8/7/2018,8/15/2017,12/11/2018,2
University of Vermont Health Network – Elizabethtown Community Hospital,Breach Notification/Details,10/9/2018,10/9/2018,12/11/2018,6
"Frontier Wealth Management, LLC (Frontier)",Breach Notification/Details,7/2/2018,8/14/2018,12/10/2018,4
"Titan Manufacturing and Distributing, Inc. (Titan)",Breach Notification/Details,11/23/2017,10/25/2018,12/7/2018,385
MUFG Union Bank,Breach Notification/Details,11/9/2018,11/22/2018,12/7/2018,1
"Robert Graham Designs, LLC",Breach Notification/Details,9/27/2018,11/7/2018,12/7/2018,1
"Piech Sales Company, LLC (ValuePetSupplies.com)",Breach Notification/Details,6/7/2018,11/20/2018,12/7/2018,44
"Harley-Davidson Motor company, Inc. (Harley-Davidson)",Breach Notification/Details,8/28/2018,9/10/2018,12/6/2018,2
Royal Caribean Cruises LTD,Breach Notification/Details,4/4/2018,9/13/2018,12/6/2018,1
"Sunquest Information Systems, Inc.",Breach Notification/Details,11/6/2018,11/6/2018,12/6/2018,2
EmployBridge,Breach Notification/Details,11/21/2018,11/21/2018,12/5/2018,1
Vega,Breach Notification/Details,10/31/2017,3/15/2018,12/5/2018,135
San Diego Hardware,Breach Notification/Details,2/5/2018,8/21/2018,12/5/2018,80
"KMS Financial Services, Inc. (KMS)",Breach Notification/Details,9/29/2018,11/5/2018,12/3/2018,1
Marriott International (Starwood),Breach Notification/Details,1/1/2014,11/19/2018,11/30/2018,Unknown
Walters and Mason Retail (Atalr'd State),Breach Notification/Details,8/15/2018,10/10/2018,11/30/2018,7
Ontario Inc. (www.1800flowers.ca),Breach Notification/Details,8/15/2014,9/15/2018,11/30/2018,19
Franciscan University of Steubenville,Breach Notification/Details,10/1/2018,10/15/2018,11/30/2018,3
"Rosenberg & Manente, PLLC",Breach Notification/Details,6/5/2018,6/11/2018,11/30/2018,2
"Viyet, LLC DBA Sotheby's Home (Sotheby's Home)",Breach Notification/Details,3/1/2017,10/10/2018,11/29/2018,13
Equity Concepts,Breach Notification/Details,1/24/2018,9/11/2018,11/29/2018,1
Baylor Scott & White Medical Center - Frisco (BSWF),Breach Notification/Details,9/22/2018,9/29/2018,11/28/2018,3
Potomac Healthcare Solutions,Breach Notification/Details,1/20/2018,6/18/2018,11/28/2018,1
Dunkin Brands Inc,Breach Notification/Details,10/5/2018,11/26/2018,11/28/2018,14
Atrium Health,Breach Notification/Details,9/22/2018,9/29/2018,11/27/2018,230
Cancer Treatment Centers of America (CTCA),Breach Notification/Details,5/2/2018,5/5/2018,11/26/2018,190
Prosper Funding LLC (Prosper),Breach Notification/Details,10/3/2018,10/16/2018,11/26/2018,17
Tandigm Health (Tandigm),Breach Notification/Details,4/24/2017,12/31/2017,11/21/2018,1
Medtronic Minimed,Breach Notification/Details,10/11/2018,10/11/2018,11/21/2018,8
R.R. Bowker LLC (Bowker),Breach Notification/Details,5/1/2018,10/23/2018,11/20/2018,48
Francesca's Services Corporation (Francesca's),Breach Notification/Details,12/28/2017,7/9/2018,11/19/2018,120
Cincinatti Reds,Breach Notification/Details,3/1/2017,3/31/2017,11/19/2018,1
LPL Financial LLC (LPL),Breach Notification/Details,11/1/2018,11/1/2018,11/17/2018,769
"New York Oncology Hematology, P.C. (NYOH)",Breach Notification/Details,4/20/2018,4/27/2018,11/16/2018,7
El Centro Regional Medical Center (ECRMC),Breach Notification/Details,5/8/2018,5/11/2018,11/16/2018,5
1-800 Contacts,Breach Notification/Details,10/10/2018,10/10/2018,11/16/2018,1
HealthEquity,Breach Notification/Details,9/4/2018,10/5/2018,11/15/2018,2141
Newegg,Breach Notification/Details,8/13/2018,9/19/2018,11/15/2018,651
Washington Initiative for Supported Employment,Breach Notification/Details,9/8/2018,9/8/2018,11/14/2018,1
Hats.com,Breach Notification/Details,8/18/2018,9/23/2018,11/14/2018,2
Stein Mart,Breach Notification/Details,12/28/2017,7/9/2018,11/13/2018,109
Pharmacy Times Office of Continuing Professional Education,Breach Notification/Details,5/11/2018,7/6/2018,11/13/2018,165
StataCorp,Breach Notification/Details,5/11/2018,7/6/2018,11/13/2018,165
Marimekko,Breach Notifications/Details,10/15/2018,10/18/2018,11/12/2018,Fewer than 10
Jennifer Miller Ltd.,Breach Notification/Details,2/1/2018,7/15/2018,11/12/2018,2
Title Nine Sports,Breach Notification/Details,12/28/2017,7/9/2018,11/12/2018,1143
HSBC,Breach Notification/Details,10/4/2018,10/14/2018,11/9/2018,2
OrthoTexas Physicians and Surgeons,Breach Notification/Details,10/5/2018,10/5/2018,11/9/2018,1
American Medical Response (AMR),Breach Notifications/Details,7/17/2018,7/17/2018,11/9/2018,3
New York Life Insurance Company,Breach Notifications/Details,10/23/2018,10/24/2018,11/8/2018,1
United Trust Company,Breach Notification/Details,12/6/2017,2/25/2018,11/7/2018,167
Julep Beauty,Breach Notifications/Details,10/12/2018,10/16/2018,11/7/2018,4
Collier Heggerness & Bronk CPA's PS Inc,Breach Notification/Details,12/1/2016,1/31/2017,11/7/2018,4
Sirchie Acquisition Company (Sirchie),Breach Notification/Details,10/5/2018,10/9/2018,11/5/2018,1
Nordstrom,Breach Notifications/Details,10/9/2018,10/9/2018,11/5/2018,7
Thesy,Breach Notification/Details,12/6/2017,6/27/2018,11/5/2018,684
ImpactAssets,Breach Notification/Details,8/28/2018,8/29/2018,11/2/2018,24
Inova Health System (Inova),Breach Notification/Details,1/1/2017,10/31/2017,11/2/2018,3
Hemenway & Barnes LLP and Hemenway Trust Company (Hemenway),Breach Notification/Details,9/1/2018,9/1/2018,11/2/2018,1
Five Guys,Breach Notification/Details,8/6/2018,8/6/2018,11/2/2018,1
El Paso - Los Angles Limousine Express,Breach Notification/Details,12/9/2016,9/13/2018,11/2/2018,18
OXO,Breach Notification/Details,7/1/2018,10/1/2018,11/1/2018,9
LJCooper,Breach Notification/Details,9/18/2018,9/18/2018,10/29/2018,1
Professional Publications,Breach Notification,3/9/2017,4/5/2017,10/27/2018,27
"Star Title Partners of Palm Harbor, LLC (Star Title)",Breach Notification/Details,6/1/2018,6/4/2018,10/26/2018,2
International Society of Explosives Engineers (ISEE),Breach Notification/Details,8/9/2018,10/2/2018,10/26/2018,2
British Airways,Breach Notification/Details,4/21/2018,10/25/2018,10/26/2018,20
Bankers Life,Breach Notification/Details,5/30/2018,9/13/2018,10/25/2018,44
Net32,Breach Notification/Details,9/22/2018,9/25/2018,10/25/2018,32
TravisMathew,Breach Notification/Details,8/13/2018,9/25/2018,10/25/2018,15
GS1 US,Breach Notification/Details,7/7/2017,10/2/2018,10/25/2018,265
Capital One,Breach Notification/Details,6/9/2018,7/23/2018,10/25/2018,8
TIO,Breach Notification/Details,1/1/2014,11/10/2017,10/23/2018,3
Children's Hospital of Philadelphia (CHOP),Breach Notification/Details,8/23/2018,8/24/2018,10/23/2018,1
Catawba Valley Medical Center (CVMC),Breach Notification/Details,7/1/2018,8/31/2018,10/23/2018,1
Reliable Respiratory (Reliable),Breach Notification/Details,6/28/2018,7/2/2018,10/23/2018,1
US Bank,Breach Notification/Details,9/26/2018,9/27/2018,10/23/2018,1
Byram Healthcare,Breach Notification/Details,9/12/2018,9/12/2018,10/22/2018,1
STL International (Teeter),Breach Notification/Details,4/11/2018,9/13/2018,10/22/2018,62
Harvest Wealth,Breach Notification/Details,9/17/2018,9/18/2018,10/19/2018,5
Scrapbook.com,Breach Notifications/Details,9/14/2018,9/17/2018,10/19/2018,4
RenPSG,Breach Notifications/Details,6/5/2018,6/13/2018,10/18/2018,90
Folio Conversant (Folio),Breach Notification/Details,6/1/2018,10/11/2018,10/18/2018,1
Tallahassee Memorial Healthcare,Breach Notifications/Details,5/1/2018,5/31/2018,10/17/2018,2
Landcar,Breach Notifications/Details,11/10/2017,,10/16/2018,1
Netrition,Breach Notifications/Details,9/15/2018,9/17/2018,10/15/2018,5
Okabena Company,Breach Notification/Details,8/12/2018,9/29/2018,10/12/2018,3
Ameriprise Financial (Auto and Home),Breach Notification/Details,9/24/2018,,10/11/2018,1
United States Liablity Insurance Company (USLI),Breach Notification/Details,9/28/2018,9/28/2018,10/11/2018,2
Northwestern Mutual,Breach Notification/Details,9/7/2018,9/10/2018,10/10/2018,1
Envision,Breach Notification/Details,7/1/2018,7/31/2018,10/10/2018,16
Cigna,Breach Notifications,9/5/2018,9/24/2018,10/10/2018,6
DecisionHR,Breach Notification/Details,11/1/2017,12/1/2017,10/8/2018,1
"Advanced Medical Reviews, LLC",Breach Notification/Details,9/1/2013,8/31/2017,10/8/2018,1
HealthFitness,Breach Notification/Details,1/8/2018,12/31/2017,10/5/2018,123
Five Below,Breach Notification/Details,8/14/2018,9/19/2018,10/5/2018,3
Rebound Orthopedics & Neurosurgery,Breach Notifications/Details,5/22/2018,5/22/2018,10/5/2018,2
California State University East Bay,Breach Notification/Details,3/27/2017,9/2/2018,10/5/2018,6
TransUnion (Bodies of America LLC),Breach Notification/Details,2/22/2017,8/27/2018,10/5/2018,7
North American Risk Services,Breach Notification/Details,2/7/2018,3/27/2018,10/5/2018,10
Toyota Industries Group North America,Breach Notification/Details,8/15/2018,8/30/2018,10/1/2018,1
Wintrust Financial Corporation,Breach Notification/Details,8/22/2018,8/22/2018,9/28/2018,10
Quest Nutrition,Breach Notification/Details,11/10/2017,11/10/2017,9/28/2018,1
AEI Fund Management,Breach Notification/Details,7/5/2018,7/9/2018,9/28/2018,4
Maddison & Caison (M&C),Breach Notification/Details,6/20/2018,9/18/2018,9/28/2018,2
Another Planet Entertainment,Breach Notification/Details,4/9/2018,4/9/2018,9/27/2018,5
Village People,Breach Notification/Details,9/4/2014,8/23/2018,9/25/2018,1
Tech Rabbit,Breach Notification/Details,2/22/2017,5/22/2018,9/21/2018,116
YRC Worldwide,Breach Notification/Details,7/22/2018,7/22/2018,9/21/2018,22
First Financial Bank,Breach Notification/Details,7/10/2018,7/10/2018,9/21/2018,3
Smith Freed & Eberhard,Breach Notification/Details,6/26/2018,6/26/2018,9/21/2018,1
Shein,Breach Notification/Details,6/1/2018,8/22/2018,9/21/2018,Unknown
The Affiliated Group,Breach Notification/Details,5/16/2018,5/16/2018,9/18/2018,21
Guardant Health,Breach Notification/Details,7/13/2018,7/18/2018,9/16/2018,2
Peaceful Valley Family Farm,Breach Notification/Details,2/9/2018,8/22/2018,9/12/2018,155
VenatoRX,Breach Notification/Details,4/1/2018,8/1/2018,9/12/2018,1
Legacy Properties,Breach Notification/Details,8/14/2018,8/14/2018,9/12/2018,900
Delta Pilots Mutual Aid,Breach Notification/Details,4/29/2018,6/12/2018,9/11/2018,6
Roadrunner Transportation Services,Breach Notification/Details,4/1/2018,4/30/2018,9/10/2018,16
KLX Energy Services,Breach Notification/Details,8/8/2018,8/8/2018,9/8/2018,Unknown
Title Nine,Breach Notification/Details,5/9/2018,7/9/2018,9/7/2018,8
Nardella & Taylor,,3/27/2018,3/29/2018,9/7/2018,12
Dutch Gardens USA,Breach Notification/Details,9/27/2017,7/14/2018,9/5/2018,66
Movement Mortgage LLC,Breach Notification/Details,2/7/2018,3/27/2018,8/31/2018,17
St. Joseph's Medical Center,Breach Notification/Details,5/6/2018,5/22/2018,8/31/2018,1
Tousley Brain Stephens,Breach Notifications/Details,2/4/2018,2/26/2018,8/31/2018,1
Garretson Resolution Group,Breach Notification/Details,4/4/2018,5/4/2018,8/30/2018,3
Holtey Law,Breach Notification/Details,5/2/2018,5/3/2018,8/30/2018,1
Air Canada,Breach Notification/Details,8/22/2018,8/24/2018,8/29/2018,5
Sierra Nevada Brewing Company,Breach Notification/Details,8/7/2018,8/28/2018,8/28/2018,1
"ESJ Towers, Inc",Breach Notification/Details,7/19/2018,7/18/2018,8/28/2018,2
LÍLLÉbaby,Breach Notification/Details,6/1/2018,7/9/2018,8/28/2018,1
PacificSource Health Plans,Breach Notification/Details,4/22/2018,7/13/2018,8/28/2018,47
Joint Resources Commission,Breach Notification/Details,5/17/2018,5/17/2018,8/28/2018,1
Salter Labs,Breach Notification/Details,4/9/2018,4/9/2018,8/27/2018,3
TKC Holdings,Breach Notification/Details,4/13/2018,5/24/2018,8/24/2018,7
The Wellness Institute of Montana and Jennings Management,Breach Notification/Details,6/22/2018,6/22/2018,8/23/2018,244
"Health Management Concepts, Inc. Pacific National Benefits Funds",Breach Notification/Details,7/16/2018,7/19/2018,8/22/2018,17
Bank of the West,Breach Notification/Details,3/2/2018,3/19/2018,8/20/2018,4
SureFire,Breach Notification/Details,5/28/2018,7/22/2018,8/19/2018,10
Monroe Capital holdings LLC (Newport Academy),Breach Notification/Details,5/27/2018,6/20/2018,8/17/2018,1
Acadiana Computer Systems (ACS),Breach Notification/Details,7/6/2018,7/6/2018,8/17/2018,1
Mondelez Global,Breach Notification/Details,7/24/2018,7/26/2018,8/16/2018,1
LA Fashion (Lasula),Breach Notification/Details,12/7/2017,5/22/2018,8/16/2018,1
Cheddar's Scratch Kitchen,Breach Notification/Details,11/2/2017,1/2/2018,8/16/2018,Unknown
Authentic Recovery Center,BreachNotification/Details,6/7/2018,6/21/2018,8/15/2018,2
CNG Financial Corporation Inc,Breach Notification/Details,7/11/2018,7/16/2018,8/15/2018,4
American Institute of Aeronautics and Astronautics (AIAA),Breach Notification/Details,6/4/2018,6/6/2018,8/7/2018,2
Billings Clinic,Breach Notification/Details,5/14/2018,5/14/2018,8/6/2018,4
Colorado Bankers Life Insurance Company,Breach Notification/Details,3/28/2018,4/13/2018,8/3/2018,129
North American Power & Gas,Breach Notification/Details,5/10/2018,7/31/2018,8/3/2018,4
TCM Bank,Breach Notification/Details,3/5/2017,7/17/2018,8/3/2018,53
American Express Travel (Orbitz),Breach Notifications/Details,7/5/2018,7/9/2018,8/2/2018,13
Doyle & Associates,Breach Notification/Details,2/2/2018,4/20/2018,8/1/2018,469
JA Carpentry,Breach Notifications/Details,5/28/2018,5/28/2018,7/31/2018,1
Plant Therapy,Breach Notification/Details,3/29/2018,5/11/2018,7/30/2018,55
Loyola University of Chicago,Breach Notification/Details,7/17/2018,7/17/2018,7/30/2018,1
UnityPoint,Breach Notifications/Details,3/14/2018,4/3/2018,7/30/2018,144
Sunspire Health,Breach Notification/Details,3/1/2018,5/17/2018,7/27/2018,10
"Welk Resort Group, Inc.",Breach Notification/Details,12/4/2017,12/4/2017,7/25/2018,1
"TradeMotion, LLC.",Breach Notification/Details,10/1/2017,5/31/2018,7/25/2018,71
"Automated Pet Care Products, Inc. (AutoPets)",Breach Notification/Details,11/9/2017,11/30/2017,7/24/2018,6
Optoma Technology,Breach Notification/Details,4/6/2018,4/12/2018,7/23/2018,6
Fairbanks North Star Borough (GHAP),Breach Notification/Details,4/14/2018,4/14/2018,7/20/2018,16
"Stoneleigh Recovery Association, LLC",Breach Notification/Details,4/19/2018,4/19/2018,7/20/2018,1
Boys Town National Research Hospital,Breach Notification/Details,5/23/2018,5/23/2018,7/20/2018,15
Boys Town National Research HOspital,Breach Notification/Details,5/23/2018,5/23/2018,7/20/2018,15
Helly Hansen (hellyhansen.com),Breach Notification/Details,4/20/2018,5/14/2018,7/19/2018,4
Simma Flottemesh & Orensteinin,Breach Notification/Details,6/28/2018,6/28/2018,7/19/2018,1
"CBIZ MHM, LLC",Breach Notification/Details,5/2/2018,5/23/2018,7/18/2018,1
City of Bozeman,Breach Notification/Details,7/1/2017,10/24/2017,7/16/2018,"2,651"
"EBSCO Sign Group, Inc. (outdoorsignsamerica.com)",Breach Notification/Details,9/12/2017,5/18/2018,7/16/2018,4
"Dollar Shave Club, Inc.",Breach Notification/Details,5/26/2018,6/25/2018,7/16/2018,1
"ComplyRight, Inc.",Breach Notification/Details,4/20/2018,5/22/2018,7/12/2018,"1,730"
Vertical Limit Construction,Breach Notification/Details,12/19/2017,4/10/2018,7/11/2018,1
"Fruitful Yield, Inc. (NOW-2-U.com, VitaminExperts.com, FruitfulYield.com)",Breach Notification/Details,5/29/2018,6/13/2018,7/11/2018,3
"Tommie Copper, Inc.",Breach Notification/Details,11/10/2017,1/22/2018,7/11/2018,136
MedEvolve,Breach Notification/Details,3/29/2018,5/4/2018,7/10/2018,13
TerraSond Limited,Breach Notification/Details,2/14/2018,2/14/2018,7/10/2018,1
Career and Technology Education Centers of Licking County (C-TEC),Breach Notification/Details,2/12/2018,2/12/2018,7/6/2018,2
"Coty, Inc.",Breach Notification/Details,1/12/2018,2/8/2018,7/6/2018,6
211 LA County,Breach Notification/Details,3/14/2018,4/23/2018,7/5/2018,8
International Mission Board (IMB),Breach Notifiaction/Details,4/11/2018,4/11/2018,7/5/2018,189
"Macy's, Inc.",Breach Notification/Details,4/26/2018,6/12/2018,7/2/2018,136
Northwest University,Breach Notification/Details,6/20/2018,6/20/2018,6/29/2018,29
Lockton Companies,Breach Notification/Details,2/26/2018,4/26/2018,6/29/2018,1
"Hasbro, Inc.",Breach Notification/Details,9/15/2017,9/18/2017,6/29/2018,1
"Waller & Associates, Inc.",Breach Notification/Details,4/29/2016,2/21/2018,6/29/2018,1
Trust Company of Illinois (TCI),Breach Notification/Details,4/27/2018,4/27/2018,6/29/2018,3
"SOS International, LLC",Breach Notification/Details,2/5/2018,5/18/2018,6/28/2018,2
Solera National Bank,Breach Notification/Details,4/18/2018,5/4/2018,6/26/2018,5
Capital Integration Systems LLC (CAIS),Breach Notification/Details,2/1/2018,3/15/2018,6/22/2018,1
"Terteling Company, Inc. (Western States Equipment Company, Agri-Service, LLC, 36th Street Garden Center & Bistro, Red Horse Mountian Ranch",Breach Notification/Details,5/1/2018,5/10/2018,6/22/2018,381
"ATI Holdings, LLC",Breach Notification/Details,1/9/2018,3/15/2018,6/21/2018,5
"Humana, Go365.com",Breach Notification/Details,6/3/2018,6/4/2018,6/21/2018,1
NorthStar Anesthesia,Breach Notification/Details,4/3/2018,4/24/2018,6/20/2018,1
"RevUp Group, LLC",Breach Notification/Details,5/31/2018,5/31/2018,6/20/2018,20
Notre Dame de Namur University,Breach Notification/Details,5/18/2018,5/18/2018,6/20/2018,1
Orrston Bank,Breach Notification/Details,10/2/2017,7/14/2018,6/19/2018,5
Capital One Bank,Breach Notification/Details,11/26/2017,3/27/2018,6/19/2018,7
"City of Goodyear, Arizona",Breach Notification/Details,5/7/2018,5/7/2018,6/19/2018,10
GreatBanc Trust Company,Breach Notification/Details,10/23/2017,10/27/2017,6/15/2018,71
Central Christian College of Kansas,Breach Notification/Details,7/11/2017,4/23/2018,6/15/2018,2
National Restaurant Association,Breach Notification/Details,10/2/2017,11/28/2017,6/14/2018,6
"Med Associates, Inc.",Breach Notification/Details,3/22/2018,3/22/2018,6/14/2018,6
"OFD Foods, LLC.",Breach Notification/Details,4/12/2018,5/16/2018,6/14/2018,3
"Guaranteed Rate, Inc.",Breach Notification/Details,11/1/2017,11/30/2017,6/13/2018,2
Black River Medical Center,Breach Notification/Details,4/23/2018,4/23/2018,6/13/2018,1
"HealthEquity, Inc.",Breach Notification/Details,4/11/2018,4/13/2018,6/13/2018,8
Dignity Health,Breach Notification/Details,4/24/2018,4/24/2018,6/13/2018,9
"Anthem, Inc.",Breach Notification/Details,8/1/2013,4/10/2018,6/12/2018,2
Marion County Bank,Breach Notification/Details,4/5/2018,4/5/2018,6/12/2018,1
Corporation Service Company (CSC),Breach Notification/Details,11/25/2017,11/25/2017,6/11/2018,503
Weichert Companies,Breach Notification/Details,12/20/2017,12/20/2017,6/11/2018,1
Old Second National Bank,Breach Notification/Details,4/27/2018,4/27/2018,6/11/2018,1
"shopPOPdisplays, Inc.",Breach Notification/Details,4/8/2018,5/14/2018,6/11/2018,3
"Wilkins, Reinicke & Co., P.C.",Breach Notification/Details,4/24/2018,4/24/2018,6/8/2018,3
"Elmcroft Senior Living, Inc.",Breach Notification/Details,5/10/2018,5/12/2018,6/8/2018,18
Securus Technologies,Breach Notification/Details,5/15/2018,5/16/2018,6/8/2018,5
"Quad-C Management, Inc.",Breach Notification/Details,4/1/2018,4/30/2018,6/7/2018,2
"Systeme Software, Inc.",Breach Notification/Details,9/1/2017,5/7/2018,6/7/2018,140
"Aimbridge Hospitality Holdings, LLC",Breach Notification/Details,3/21/2018,5/3/2018,6/7/2018,527
Walgreens (Rite Aid),Breach Notification/Details,12/20/2017,4/17/2018,6/1/2018,2
Stein Eriksen Lodge Hotel,Breach Notification/Details,9/9/2017,1/24/2018,6/1/2018,4
Advanced Technology Group,Breach Notification/Details,12/1/2017,12/31/2017,5/31/2018,330
"St. Mary's Health, Inc. d/b/a St. Vincent Evansville",Breach Notification/Details,2/12/2018,2/15/2018,5/31/2018,7
"Temecula Motorsports, Inc.",Breach Notification/Details,2/9/2018,3/30/2018,5/31/2018,9
Rail Europe,Breach Notification/Details,6/22/2017,2/16/2018,5/30/2018,18
"Uno Alla Volta, LLC",Breach Notification/Details,4/18/2018,5/1/2018,5/29/2018,4
The Hartford,Breach Notification/Details,4/12/2018,4/12/2018,5/29/2018,1
SEIU 32BJ,Breach Notification/Details,11/13/2017,11/14/2017,5/25/2018,2
The Oregon Clinic,Breach Notification/Details,3/9/2018,3/9/2018,5/23/2018,12
"RM Mechanical, Inc.",Breach Notification/Details,3/4/2018,3/5/2018,5/23/2018,8
"Medical Clinic of Houston, L.L.P.",Breach Notification/Details,3/23/2018,3/23/2018,5/22/2018,1
Employee Benefits Corporation,Breach Notification/Details,3/7/2018,3/7/2018,5/22/2018,4
The Coca-Cola Company,Breach Notification/Details,9/1/2017,9/1/2017,5/21/2018,1
"International Management Advisors, Ltd.",Breach Notification/Details,4/26/2018,5/8/2018,5/18/2018,4
"Crius Energy, LLC",Breach Notification/Details,1/22/2018,1/22/2018,5/18/2018,1
"Bombas, LLC",Breach Notification/Details,1/15/2015,2/9/2015,5/18/2018,90
Brinker International (Chili's),Breach Notification/Details,3/1/2018,4/30/2018,5/18/2018,Unknown
"Cactus Wellhead, LLC",Breach Notification/Details,5/9/2018,5/9/2018,5/17/2018,1
University of Toledo,Breach Notification/Details,1/16/2018,1/16/2018,5/16/2018,2
LifeBridge Health,Breach Notification/Details,9/27/2016,3/18/2018,5/15/2018,28
Seterus,Breach Notification/Details,4/18/2018,4/18/2018,5/10/2018,2
"TaskRabbit, Inc.",Breach Notification/Details,4/12/2018,4/19/2018,5/9/2018,"3,908"
"Melissa James, EA, LLC",Breach Notification/Details,3/26/2018,3/26/2018,5/9/2018,1
Farmgirl Flowers,Breach Notification/Details,4/26/2018,4/29/2018,5/9/2018,8
"Equias Alliance, LLC",Breach Notification/Details,1/10/2018,2/8/2018,5/8/2018,3
Global University,Breach Notification/Details,12/31/2017,1/31/2018,5/8/2018,"1,017"
Deephaven Mortgage LLC,Breach Notification/Details,1/10/2018,3/25/2018,5/8/2018,2
"USACS Management Group, Ltd.",Breach Notification/Details,3/9/2018,3/9/2018,5/8/2018,1
"CPT Group, Inc.",Breach Notification/Details,11/22/2017,12/8/2017,5/8/2018,22
"Rail Europe North America, Inc. (RENA)",Breach Notification/Details,11/19/2017,2/16/2018,5/7/2018,29
Malley's Chocolates,Breach Notification/Details,3/18/2018,3/18/2018,5/7/2018,1
DigiPen Institute of Technology,Breach Notification/Details,4/25/2018,4/25/2018,5/7/2018,1
"Orbitz (American Express, RBC Royal Bank, Interval International, Inc., World Travel Holdings, Inc.Alaska Airline, Southwest Airline)",Breach Notification/Details,10/1/2017,12/22/2017,5/4/2018,634
SunTrust Bank,Breach Notification/Details,4/15/2018,4/15/2018,5/2/2018,29
LPL Financial LLC,Breach Notification/Details,2/20/2018,2/28/2018,4/30/2018,3
Bennett Thrasher LLP,Breach Notification/Details,6/15/2017,4/6/2018,4/30/2018,18
SA Stone Wealth,Breach Notification/Details,2/28/2018,2/28/2018,4/30/2018,2
"Blattner Energy, Inc.",Breach Notification/Details,2/9/2018,2/9/2018,4/30/2018,17
Building Profits LLC,Breach Notification/Details,10/19/2017,11/9/2017,4/30/2018,3
Children's Mercy Hospital,Breach Notification/Details,12/2/2017,1/4/2018,4/30/2018,3
CashNetUSA,Breach Notification/Details,3/23/2018,3/23/2018,4/27/2018,4
Sears Holdings (Kmart.com),Breach Notification/Details,9/27/2017,10/12/2017,4/25/2018,268
MCR Investors LLC,Breach Notification/Details,3/11/2018,3/11/2018,4/23/2018,140
Capital Digestive Care,Breach Notification/Details,2/23/2018,2/23/2018,4/23/2018,3
American Esoteric Laboratories (AEL),Breach Notification/Details,10/15/2017,10/15/2017,4/20/2018,5
"Strategic Analysis, Inc.",Breach Notification/Details,4/20/2015,1/16/2018,4/19/2018,1
TIAA,Breach Notification/Details,3/16/2018,3/16/2018,4/17/2018,1
"Grainger, Inc.",Breach Notification/Details,9/26/2017,10/12/2017,4/17/2018,65
Tara at Home (Temp=Tations LLC),Breach Notification/Details,8/1/2017,12/1/2017,4/16/2018,6
"Inogen, Inc.",Breach Notification/Details,3/14/2018,3/14/2018,4/13/2018,182
"MedWatch, LLC",Breach Notification/Details,10/20/2017,12/15/2017,4/13/2018,285
Golter Law Office,Breach Notification/Details,10/31/2017,10/31/2017,4/13/2018,2
Delta Air Lines,Breach Notification/Details,9/26/2017,10/12/2017,4/12/2018,"6,310"
"Best Buy Co., Inc.",Breach Notification/Details,9/26/2017,10/12/2017,4/12/2018,711
"Pierre Fabre (PF@-Com, Inc.)",Breach Notification/Details,2/20/2018,3/15/2018,4/11/2018,7
Buxbaum Daue PLLC,Breach Notification/Details,6/6/2017,6/6/2017,4/11/2018,55
Blue Beacon International,Breach Notification/Details,3/15/2018,3/15/2018,4/6/2018,5
Archbright,Breach Notification/Details,2/21/2018,2/21/2018,4/6/2018,2
"Bearing Distributors, Inc. (BDI)",Breach Notification/Details,3/30/2018,3/30/2018,4/6/2018,4
Lincoln Financial Group,Breach Notification/Details,1/29/2018,2/9/2018,4/3/2018,2
Mendes & Haney LLP,Breach Notification/Details,1/23/2018,2/26/2018,3/30/2018,6
ThermoFisher Scientific,Breach Notification/Details,7/6/2017,10/13/2017,3/30/2018,1
"Funding Circle USA, Inc. (Dun & Bradstreet, Inc.)",Breach Notification/Details,11/1/2017,2/20/2018,3/30/2018,23
The Retirement Advantage Inc,Breach Notification/Details,2/10/2017,2/12/2018,3/29/2018,5
Fred Usinger Inc,Breach Notification/Details,9/1/2017,3/1/2018,3/29/2018,88
Branton de Jong and Associates,Breach Notification/Details,2/11/2018,2/26/2018,3/27/2018,1
Mintie Corporation,Breach Notification/Details,2/16/2017,3/22/2018,3/27/2018,1
JC Penny,Breach Notification/Details,4/1/2017,8/31/2017,3/27/2018,2
Manduka,Breach Notification/Details,2/22/2017,3/5/2018,3/26/2018,169
"Kings & Associates CPA, PC",Breach Notification/Details,2/16/2018,2/16/2018,3/23/2018,1
Northwest Asset Management,Breach Notification/Details,1/31/2018,2/23/2018,3/23/2018,2
Bigfoot Gun Belts,Breach Notification/Details,10/31/2017,2/1/2018,3/23/2018,16
Clinical Pathology Laboratories Southeast Inc,Breach Notification/Details,9/20/2017,9/20/2017,3/21/2018,1
Community First Bank,Breach Notification/Details,3/2/2018,3/2/2018,3/20/2018,1
Columbia Falls School District,Breach Notification/Details,9/1/2017,11/13/2017,3/19/2018,1125
Bronson Nutritionals LLC,Breach Notification/Details,3/15/2017,1/30/2018,3/19/2018,99
GY Agemni LLC,Breach Notification/Details,1/18/2018,1/18/2018,3/16/2018,3
Skamania Public Utility District,Breach Notification/Details,1/17/2018,3/9/2018,3/16/2018,1
Island Outdoor LLC,Breach Notification/Details,11/1/2017,2/14/2018,3/15/2018,2
Nampa School District,Breach Notification/Details,1/21/2018,2/1/2018,3/14/2018,13
Intuit inc,Breach Notification/Details,2/25/2018,2/25/2018,3/14/2018,1
DiLorenzo CPA,Breach Notification/Details,1/13/2018,2/13/2018,3/9/2018,7
The Travel Corporation (TravelCorp),Breach Notification/Details,2/26/2018,2/26/2018,3/9/2018,1
Dover Business Services (DBS),Breach Notification/Details,3/2/2018,3/2/2018,3/9/2018,1
Clarfeld Financial Advisors,Breach Notification/Details,2/22/2018,2/22/2018,3/9/2018,5
"CNU Online Holdings, LLC d/b/a Net Credit",Breach Notification/Details,2/20/2018,2/20/2018,3/8/2018,6
Food Industry Self Insurance Fund,Breach Notification/Details,2/7/2018,2/7/2018,3/8/2018,1
ABM Industries,Breach Notification/Details,8/1/2017,8/1/2017,3/8/2018,47
Chopra Enterprises LLC,Breach Notification?Details,1/2/2018,2/22/2018,3/6/2018,3
Fresno State,Breach Notification/Details,12/26/2017,1/12/2018,3/6/2018,36
Interstate Plastics,Breach Notification/Details,10/27/2017,12/23/2017,3/6/2018,9
Badger Daylighting LTD,Breach Notification/Details,2/13/2018,2/13/2018,3/5/2018,4
Curtin Maritime Corp,Breach Notification/Details,1/22/2018,1/22/2018,3/5/2018,2
Cary E. Williams CPA,Breach Notification/Details,1/5/2018,2/2/2018,3/2/2018,2
ASI Construction LLC,Breach Notification/Details,1/31/2018,1/31/2018,3/2/2018,7
"Beachbody, LLC",Breach Notification/Details,2/2/2018,2/2/2018,3/2/2018,3
Centris Federal Credit Union,Breach Notification/Details,1/18/2018,1/18/2018,3/1/2018,5
Equifax,Breach Notification/Details,7/29/2017,9/7/2017,3/1/2018,"377,052"
St. Peter's Ambulatory Surgery Center,Breach Notification/Details,1/8/2018,1/8/2018,2/28/2018,1
Ventiv Technology Inc,Breach Notification/Details,12/7/2017,1/4/2018,2/28/2018,2
Association for Supervision and Curriculum Development (ASCD),Breach Notification/Details,2/21/2018,2/21/2018,2/27/2018,1
FastHealth,Breach Notification/Details,8/14/2017,8/18/2017,2/27/2018,Unknown
Nelson CPA,Breach Notification/Details,1/26/2018,1/26/2018,2/26/2018,2
Country Mutual Insurance Company (Country Financial),Breach Notification/Details,1/5/2018,1/5/2018,2/23/2018,1
North 40 Outfitters,Breach Notification/Details,1/20/2017,1/29/2018,2/23/2018,"1,289"
Active Network,Breach Notification/Details,12/1/2016,9/30/2017,2/23/2018,1
University of Wisconsin-Superior,Breach Notification/Details,2/5/2018,2/5/2018,2/22/2018,7
"Walmart, Inc.",Breach Notification/Details,1/29/2018,1/29/2018,2/22/2018,5
"Santa Cruz Biotechnology, Inc.",Breach Notification/Details,12/17/2017,12/17/2017,2/22/2018,4
Bed Bath & Beyond,Breach Notification/Details,1/18/2018,1/18/2018,2/21/2018,200
Bialy/Thomas & Associates,Breach Notification/Details,11/16/2017,11/17/2017,2/16/2018,1
"LendKey Technologies, Inc.",Breach Notification/Details,6/27/2016,12/21/2017,2/15/2018,9
Chapman Mortgage Services (Motto Mortgage of Billings),Breach Notification/Details,1/4/2018,1/18/2018,2/15/2018,19
PACCAR,Breach Notification/Details,1/22/2018,1/22/2018,2/14/2018,1
"Flexible Benefit Service Corporation (""Flex"")",Breach Notification/Details,12/6/2017,1/30/2018,2/14/2018,1
Thomas Edison State University,Breach Notification/Details,1/26/2018,1/26/2018,2/13/2018,1
"Medical Science and Computing, LLC",Breach Notification/Details,1/29/2018,1/29/2018,2/13/2018,2
"Makeup Geek, LLC",Breach Notification/Details,12/4/2017,12/19/2017,2/8/2018,7
"Corporate Employment Resources, Inc.",Breach Notification/Details,1/26/2018,1/26/2018,2/8/2018,4
Ameriprise Financial,Breach Notification/Details,1/12/2018,1/12/2018,2/6/2018,1
Kinetics Systems Inc,Breach Notification/Details,1/25/2016,1/1/2018,2/6/2018,1
First Mariner Bank,Breach Notification/Details,9/21/2017,10/29/2017,2/5/2018,1
PAR Electrical Contractors,Breach Notification/Details,12/22/2017,12/22/2017,2/5/2018,605
Blink Health Inc.,Breach Notification/Details,1/1/2016,1/18/2018,2/5/2018,1
"KLX, Inc",Breach Notification/Details,12/1/2017,12/15/2017,1/31/2018,12
RBC Travelocity,Breach Notification/Details,10/3/2017,12/22/2017,1/26/2018,2
Goldleaf,Breach Notification/Details,10/31/2017,12/1/2017,1/26/2018,26
National Registry of Emergency Medical Technicians,Breach Notification/Details,11/17/2017,1/9/2018,1/25/2018,2
"Westminster Ingleside King Farm Presbyterian Retirement Communities, Inc.",Breach Notification/Details,11/21/2017,11/21/2017,1/19/2018,6
"Mindlance, Inc.",Breach Notification/Details,12/28/2017,12/29/2017,1/19/2018,2
Rosewood Hotel Group,Breach Notification/Details,5/29/2016,1/11/2017,1/19/2018,5
QBE North America,Breach Notification/Details,7/19/2017,7/21/2017,1/19/2018,921
San Diego County Office of Education,Breach Notification/Details,12/5/2017,12/5/2017,1/18/2018,1
Employer Leasing Company,Breach Notification/Details,9/14/2017,9/18/2017,1/18/2018,1
Pension Fund of the Christian Church,Breach Notification/Details,10/12/2017,10/27/2017,1/16/2018,60
"Jason's Deli, Inc",Breach Notification/Details,6/8/2017,12/22/2017,1/12/2018,Unknown
"Guaranteed Rate, Inc.",Breach Notification/Details,6/9/2017,10/2/2017,1/12/2018,249
Arthur Ventures Management LLC,Breach Notification/Details,10/30/2017,11/13/2017,1/12/2018,2
Capital One Bank,Breach Notification/Details,11/1/2017,11/30/2017,1/10/2018,1
Alton Lane,Breach Notification?Details,11/1/2016,11/30/2017,1/10/2018,3
Broward College,Breach Notification/Deatails,7/18/2016,9/8/2017,1/10/2018,8
talentReef Inc,Breach Notification/Details,11/29/2017,11/29/2017,1/9/2018,6
Cetera Advisors LLC,Breach Notification/Details,11/8/2017,11/8/2017,1/8/2018,5
Columbia Falls School District,Breach Notification/Details,9/1/2017,11/13/2017,1/5/2018,Unknown
Montana State University Billings,Breach Notification/Details,11/11/2017,11/11/2017,1/5/2018,202
Beautyblinders,Breach Notification/Details,4/23/2015,10/26/2017,1/5/2018,36
Mr. Cooper,Breach Notification/Details,10/13/2017,10/13/2017,1/5/2018,1
Multnomah Athletic Club,Breach Notification/Details,12/2/2017,12/2/2017,1/2/2018,9
Liveglam,Breach Notification/Details,4/25/2017,12/11/2017,12/29/2017,41
The Boeing Company,Breach Notification/Details,11/20/2017,12/15/2017,12/20/2017,1
"DJI Technology, Inc.",Breach Notification/Details,8/3/2017,9/27/2017,12/18/2017,3
TRS Healthcare,Breach Notification/Details,9/5/2015,11/2/2017,12/15/2017,2
Emory Healthcare (University of Arizona College of Medicine),Breach Notification/Details,10/18/2015,10/18/2017,12/15/2017,1
U-Haul Co. (Solo Tire),Breach Notification/Details,10/10/2017,11/15/2017,12/12/2017,1
"TIO Networks USA (Bank of America, PageOnce)",Breach Notification/Details,1/1/2014,11/10/2017,12/12/2017,275
The Board of Pensions of the Presbyterian Church (U.S.A.),Breach Notification/Details,12/1/2017,12/1/2017,12/11/2017,1
Farm Bureau Financial Services,Breach Notification/Details,11/27/2017,11/27/2017,12/8/2017,25
WEI Mortgage,Breach Notification/Details,9/13/2017,9/28/2017,12/8/2017,11
National Capital Poison Center,Breach Notification/Details,10/21/2017,11/27/2017,12/8/2017,11
Eye Physicians,Breach Notification/Details,10/7/2017,10/7/2017,12/7/2017,1
MFT Stamps (Gorilla),Breach Notification/Details,6/22/2017,8/15/2017,12/7/2017,10
Bank of the West,Breach Notification/Details,10/5/2017,10/5/2017,12/5/2017,2
JAM Paper & Envelope,Breach Notification/Details,6/16/2016,11/6/2017,12/1/2017,78
Amazing Grass,Breach Notification/Details,9/22/2017,11/3/2017,11/30/2017,5
IdeaStream,Breach Notification/Details,8/29/2017,11/3/2017,11/30/2017,1
Combat Brands,Breach Notification/Details,7/1/2017,10/6/2017,11/29/2017,32
Pulmonary Specialists of Louisville,Breach Notification/Details,9/26/2017,9/26/2017,11/28/2017,1
Uber,Breach Notification/Details,10/13/2016,11/15/2016,11/21/2017,81
JRK Hotel Group,Breach Notification/Details,8/10/2016,3/9/2017,11/20/2017,4
Brinderson LP,Breach Notification/Details,2/3/2017,10/24/2017,11/17/2017,21
Academy of Art University,Breach Notification/Details,11/8/2017,11/8/2017,11/17/2017,3
Medical College of Wisconsin,Breach Notification/Details,7/21/2017,7/28/2017,11/17/2017,1
GNAC,Breach Notification/Details,6/18/2016,9/19/2017,11/13/2017,"4,026"
GCI,Breach Notification/Details,6/30/2015,11/2/2017,11/13/2017,4
HBO,Breach Notification/Details,5/15/2017,7/25/2017,11/13/2017,3
The Whitehall Hotel,Breach Notification/Details,8/10/2016,3/9/2017,11/10/2017,1
InTouch Credit Union,Breach Notification/Details,7/2/2017,10/10/2017,11/8/2017,6
Baylor College of Medicine,Breach Notification/Details,10/15/2016,10/31/2017,11/8/2017,4
Little River Healthcare,Breach Notification/Details,6/26/2017,6/26/2017,11/7/2017,3
Oxford,Breach Notification/Details,8/10/2016,3/9/2017,11/3/2017,3
Tween Brands,Breach Notification/Details,9/7/2017,9/7/2017,11/3/2017,84
Rain Bird,Breach Notification/Details,8/25/2016,9/15/2017,11/1/2017,24
GlaxoSmithKline,Breach Notification/Details,8/1/2016,3/17/2017,10/31/2017,1
Sonabank,Breach Notification/Details,6/4/2016,8/26/2017,10/31/2017,1
Human Good,Breach Notification/Details,9/27/2017,9/27/2017,10/30/2017,2
Workfront,Breach Notification/Details,10/10/2017,10/10/2017,10/27/2017,5
Interstate Plastics,Breach Notification/Details,5/29/2017,8/25/2017,10/27/2017,26
Memory4Less,Breach Notification/Details,11/1/2016,9/30/2017,10/24/2017,1
Advisory Research,Breach Notification/Details,10/11/2016,10/11/2017,10/24/2017,1
Lighthouse Management Services,Breach Notification/Details,8/5/2017,8/7/2017,10/20/2017,1
Coincafe,Breach Notification/Details,1/14/2014,9/29/2017,10/18/2017,2
Pizza Hut,Breach Notification/Details,10/1/2017,10/2/2017,10/16/2017,255
Designers and Planners,Breach Notification/Details,2/1/2016,10/16/2017,10/16/2017,1
Mark Schaefer Associates,Breach Notification/Details,9/9/2017,9/9/2017,10/16/2017,1
International Council of Shopping Centers,Breach Notification/Details,3/24/2017,8/21/2017,10/16/2017,2
Rivertide Suites,Breach Notification/Details,8/10/2016,3/9/2017,10/13/2017,3
West Music,Breach Notification/Details,7/21/2017,8/9/2017,10/13/2017,2
Hyatt Hotels,Breach Notification/Details,3/18/2017,7/2/2017,10/12/2017,14
Phillips & Temro Industries,Breach Notification/Details,3/1/2017,7/31/2017,10/11/2017,3
Droege Computing Service,Breach Notification/Details,9/26/2017,9/26/2017,10/11/2017,25
Atlantic Cigar Company,Breach Notification/Details,7/21/2017,8/9/2017,10/10/2017,4
ABC Carpet and Home,Breach Notification/Details,1/2/2017,8/9/2017,10/9/2017,6
RiverMend Health,Breach Notification/Details,7/27/2017,8/11/2017,10/9/2017,4
Tommie Copper,Breach Notification/Details,8/25/2017,9/29/2017,10/6/2017,181
Catholic United Financial,Breach Notification/Details,11/12/2016,9/6/2017,10/6/2017,495
Nutrex Hawaii,Breach Notification/Details,7/26/2016,8/9/2017,10/6/2017,1
Navy Federal Credit Union,Breach Notification/Details,12/1/2014,12/31/2016,10/6/2017,2
Cricut,Breach Notification/Details,5/27/2017,9/12/2017,10/5/2017,123
Lake Champlain Chocolates,Breach Notification/Details,9/12/2017,9/15/2017,10/5/2017,1
Aegis Living,Breach Notification/Details,8/22/2017,9/15/2017,10/5/2017,1
Cabrillo Community College,Breach Notification/Details,9/5/2017,9/5/2017,10/5/2017,6
Sonic,Breach Notification/Details,9/18/2017,9/18/2017,10/4/2017,unknown
Online Traffic Schools,Breach Notification/Details,6/20/2014,7/26/2017,10/4/2017,85
FlexShopper,Breach Notification/Details,8/1/2017,8/30/2017,10/3/2017,291
BSI Financial Services,Breach Notification/Details,6/1/2017,6/1/2017,9/29/2017,26
Briggs & Stratton,Breach Notification/Details,7/25/2017,7/28/2017,9/29/2017,4
Cheddar's Casual Cafe,Breach Notification/Details,7/21/2017,7/21/2017,9/29/2017,43
PerfectServe,Breach Notification/Details,8/28/2017,8/28/2017,9/27/2017,1
The Hartford,Breach Notification/Details,11/15/2016,3/3/2017,9/26/2017,1
Century Martial Arts,Breach Notification/Details,8/1/2017,8/31/2017,9/25/2017,8
Capital One,Breach Notification/Details,5/4/2016,6/12/2017,9/22/2017,1
Aero-Tech Light Bulb Co.,Breach Notification/Details,7/6/2017,9/6/2017,9/22/2017,1
NCI Group,Breach Notification/Details,8/8/2017,8/8/2017,9/22/2017,1
Best Western Plus Wine Country Hotel & Suites,Breach Notification/Details,9/17/2016,7/20/2017,9/21/2017,6
Clifton Larson Allen,Breach Notification/Details,8/28/2017,8/28/2017,9/20/2017,2
"Richard Munoz, CPA",Breach Notification/Details,8/24/2017,8/24/2017,9/20/2017,2
ABB,Breach Notification/Details,8/25/2017,8/25/2017,9/18/2017,3
"W.W. Grainger, Inc.",Breach Notification/Details,8/23/2017,8/25/2017,9/18/2017,57
PeaceHealth Southwest Medical Center,Breach Notification/Details,8/9/2017,8/9/2017,9/18/2017,1
E&J Gallo Winery,Breach Notification/Details,8/30/2017,8/30/2017,9/15/2017,1
Morehead Memorial Hospital,Breach Notification/Details,6/20/2017,6/29/2017,9/15/2017,1
Capital One 360,Breach Notification/Details,1/27/2017,4/20/2017,9/12/2017,4
Signator Investors,Breach Notification/Details,6/1/2017,8/23/2017,9/11/2017,13
Frontier Natural Products,Breach Notificaton/Details,5/12/2017,8/22/2017,9/11/2017,8
Jacuzzi,Breach Notification/Details,9/1/2017,9/5/2017,9/11/2017,1
SRI,Breach Notification/Details,7/15/2017,8/21/2017,9/7/2017,66
Major League Lacrosse,Breach Notification/Details,8/23/2017,8/24/2017,9/7/2017,2
reThink Group,Breach Notification/Details,7/11/2016,8/4/2017,9/6/2017,8
Fiduciary Management,Breach Notification/Details,8/7/2016,8/7/2017,9/6/2017,1
Sixty Hotels,Breach Notification/Details,8/10/2016,3/9/2017,9/5/2017,5
Barer Law Offices,Breach Notification/Details,5/23/2017,5/23/2017,9/5/2017,46
Evans Hotels,Breach Notification/Details,8/10/2016,3/9/2017,9/1/2017,8
Classic Firearms,Breach Notification/Details,4/24/2016,6/8/2017,9/1/2017,39
Hand Rehabilitation Services,Breach Notification/Details,7/5/2017,9/1/2017,9/1/2017,2
Akira,Breach Notification/Details,11/1/2016,7/31/2017,9/1/2017,12
Neurology Foundation,Breach Notification/Details,4/15/2017,5/25/2017,9/1/2017,1
Kroeschell,Breach Notification/Details,5/25/2017,7/25/2017,8/31/2017,1
Nationstar Mortgage,Breach Notification/Details,7/5/2017,7/12/2017,8/31/2017,27
Red Roof Inns,Breach Notification/Details,8/10/2016,3/9/2017,8/29/2017,5
Wells Fargo,Breach Notification/Details,7/6/2017,7/6/2017,8/29/2017,17
Cornerstone Business & Management Solutions,Breach Notification/Details,7/10/2016,7/10/2017,8/28/2017,74
The Bicycle Hotel & Casino,Breach Notification/Details,8/10/2016,3/9/2017,8/28/2017,1
Roosevelt Hotel,Breach Notification/Details,8/10/2016,3/9/2017,8/28/2017,6
Zymo,Breach Notification/Details,3/15/2017,8/2/2017,8/28/2017,41
Credco,Breach Notification/Details,7/21/2017,8/7/2017,8/28/2017,43
GT Distributors,Breach Notification/Details,5/16/2016,7/10/2017,8/25/2017,2
Crescent Mortgage Company,Breach Notification/Details,7/14/2017,8/5/2017,8/24/2017,18
Anza Calabasas Hotel,Breach Notification/Details,8/10/2016,3/9/2017,8/24/2017,4
Hard Rock Sand Diego,Breach Notification/Details,8/10/2016,3/9/2017,8/24/2017,1
Queen Mary Hotel,Breach Notification/Details,8/10/2016,3/9/2017,8/24/2017,10
Anaheim Portofino Inn & Suites,Breach Notification/Details,8/10/2016,3/9/2017,8/24/2017,1
Piano Works,Breach Notification/Details,2/1/2016,12/31/2016,8/24/2017,2
"Rutherford, MacDonald & Olson",Breach Notification/Details,3/1/2017,4/30/2017,8/23/2017,"5,269"
Arizona Tile,Breach Notification/Details,7/17/2017,8/16/2017,8/21/2017,1
Joie.com,Breach Notification/Details,12/25/2016,6/6/2017,8/17/2017,11
Equipmentfr.com,Breach Notification/Details,6/9/2016,6/6/2017,8/17/2017,11
Salina Family Healthcare Center,Breach Notification/Details,6/18/2017,6/18/2017,8/16/2017,15
Native Shoes,Breach Notification/Details,4/1/2015,6/23/2017,8/16/2017,22
Benjamin Hotel,Breach Notification/Details,8/10/2016,3/9/2017,8/16/2017,12
Piersol Construction,Breach Notification/Details,7/19/2017,7/19/2017,8/15/2017,1
Ameriprise Financial Services,Breach Notification//Details,5/23/2017,5/23/2017,8/15/2017,3
True Benefits,Breach Notification/Details,5/19/2017,7/26/2017,8/14/2017,40
Marine Corps Association & Foundation,Breach Notification/Details,4/16/2017,6/19/2017,8/11/2017,14
Pacifica,Breach Notification/Details,8/10/2016,3/9/2017,8/11/2017,11
Logan Simpson,Breach Notification/Details,7/17/2017,7/17/2017,8/10/2017,5
Wooster-Ashland Regional Council of Government,Breach Notification/Details,1/1/2007,6/28/2017,8/9/2017,9
"Kayser-Roth, Inc.",Breach Notification/Details,10/23/2017,7/1/2017,8/9/2017,19
Shoe Station,Breach Notification/Details,4/27/2017,6/16/2017,8/8/2017,3
Hyatt Centric The Loop,Breach Notification/Details,9/16/2016,4/28/2017,8/7/2017,2
State Industrial Products,Breach Notification/Details,2/26/2017,6/25/2017,8/4/2017,3
QBE North America,Breach Notification/Details,5/31/2017,6/1/2017,8/4/2017,1
Juliska,Breach Notification/Details,10/27/2016,5/24/2017,8/3/2017,9
Capital One,Breach Notification/Details,1/27/2017,4/20/2017,7/31/2017,4
Big Meadows Lodge,Breach Notification/Details,8/10/2016,3/9/2017,7/31/2017,unknown
Cedar Grove,Breach Notification/Details,8/10/2016,3/9/2017,7/31/2017,unknown
Explorer Cabins at Yellowstone,Breach Notification/Details,8/10/2016,3/9/2017,7/31/2017,unknown
Gideon Putnam Hotel,Breach Notification/Details,8/10/2016,3/9/2017,7/31/2017,unknown
Grant Grove Village,Breach Notification/Details,8/10/2016,3/9/2017,7/31/2017,unknown
Gray Wolf Inn & Suites,Breach Notification/Details,8/10/2016,3/9/2017,7/31/2017,unknown
Honey Creek Resort State Park,Breach Notification/Details,8/10/2016,3/9/2017,7/31/2017,unknown
Kalaloch Lodge,Breach Notification/Details,8/10/2016,3/9/2017,7/31/2017,unknown
Lewis Mountain Cabins,Breach Notification/Details,8/10/2016,3/9/2017,7/31/2017,unknown
Pine Lodge,Breach Notification/Details,8/10/2016,3/9/2017,7/31/2017,unknown
Rocky Mountain Park Inn,Breach Notification/Details,8/10/2016,3/9/2017,7/31/2017,unknown
Sea Crest Beach Hotel,Breach Notification/Details,8/10/2016,3/9/2017,7/31/2017,unknown
Skyland Resort,https://dojmt.gov/wp-content/uploads/Skyland-Resort.pdf|Breach Notification/Details,8/10/2016,3/9/2017,7/31/2017,Unknown
Tenaya Lodge,Breach Notification/Details,8/10/2016,3/9/2017,7/31/2017,Unknown
The Lodge at Geneva,Breach Notification/Details,8/10/2016,3/9/2017,7/31/2017,Unknown
Trailer Village RV Park,Breach Notification/Details,8/10/2016,3/9/2017,7/31/2017,Unknown
Asbury Hotel,Breach Notification/Details,8/10/2016,3/9/2017,7/31/2017,Unknown
Boy Scouts of America,Breach Notification,12/18/2015,7/5/2017,7/31/2017,1
Wheeling Island Hotel,Breach Notification/Details,8/10/2016,3/9/2017,7/31/2017,Unknown
Wuksachi Lodge,Breach Notification/Details,8/10/2016,3/9/2017,7/31/2017,Unknown
Yavapai Lodge,Breach Notification/Details,8/10/2016,3/9/2017,7/31/2017,Unknown
Yellowstone Park Hotel,Breach Notification/Details,8/10/2016,3/9/2017,7/31/2017,Unknown
Noble House (5),Breach Notification/Details,8/10/2016,3/9/2017,7/28/2017,16
Westgage Resorts,Breach Notification/Details,8/10/2016,3/9/2017,7/28/2017,11
Stout Street Hospitality,Breach Notification/Details,8/10/2016,3/9/2017,7/28/2017,8
Kimpton Hotels & Restaurants,Breach Notification/Details,8/10/2016,3/9/2017,7/28/2017,25
Hydro Flask,Breach Notification/Details,5/2/2017,5/2/2017,7/26/2017,376
Galt House Hotels,Breach Notification/Details,12/21/2016,4/11/2017,7/26/2017,7
Kentucky Wesleyan College,Breach Notification/Details,4/21/2017,4/21/2017,7/26/2017,2
Delek US Holdings,Breach Notification/Details,5/23/2017,5/23/2017,7/26/2017,6
Hamilton Zanze & Company,Breach Notification/Details,6/29/2017,6/29/2017,7/25/2017,5
Woodside Hotels and Resorts,Breach Notification/Details,8/10/2016,3/9/2017,7/25/2017,8
Kevin J Palmer & Co.,Breach Notification/Details,6/6/2017,6/6/2017,7/25/2017,4
Avanti Markets,Breach Notification/Details,7/4/2017,7/4/2017,7/25/2017,0
Hartz Hotel Services,Breach Notification/Details,7/10/2016,3/9/2017,7/24/2017,1
Standard International Management,Breach Notification/Details,8/10/2016,3/9/2017,7/21/2017,16
Sydell Partners,Breach Notification/Details,8/10/2016,3/9/2017,7/21/2017,7
39DollarGlasses.com,Breach Notification/Details,5/31/2017,6/8/2017,7/21/2017,376
Verizon,Breach Notification/Details,8/10/2016,3/9/2017,7/20/2017,2
de Arrigoitia & Co,Breach Notification/Details,6/7/2017,6/7/2017,7/19/2017,2
Keller Williams Realty,Breach Notification/Details,5/6/2017,5/10/2017,7/18/2017,794
Whitinger & Company,Breach Notification/Details,4/12/2017,4/12/2017,7/18/2017,11
Sage Hospitality,Breach Notification/Details,8/10/2016,3/9/2017,7/18/2017,3
SportsMem,Breach Notification/Details,10/12/2016,5/31/2017,7/18/2017,58
Remington Lodging & Hospitality,Breach Notification/Details,8/10/2016,3/9/2017,7/17/2017,22
Apartment Management Consultants,Breach Notification/Details,6/29/2017,7/3/2017,7/14/2017,5
Two Roads Hospitality,Breach Notification/Details,8/10/2016,3/9/2017,7/14/2017,165
Bedrock Manufacturing Company,Breach Notification/Details,3/1/2017,6/30/2017,7/14/2017,1
SBE ENT Holdings,Breach Notification/Details,8/10/2016,3/9/2018,7/14/2017,8
Harvest Bible Church,Breach Notification/Details,5/30/2017,5/30/2017,7/13/2017,125
Club Quarters Hotels,Breach Notification/Details,8/10/2016,3/9/2017,7/12/2017,7
Trump Towers,Breach Notification/Details,8/10/2016,3/9/2017,7/11/2017,17
LOGAN Community Resources,Breach Notification/Details,5/12/2017,5/12/2017,7/11/2017,1
Pacific Science Center,Breach Notification/Details,6/13/2017,6/21/2017,7/10/2017,1
Movement Mortgage,Breach Notification/Details,8/1/2016,10/15/2016,7/10/2017,2
Costco,Breach Notification/Details,6/23/2017,6/23/2017,7/10/2017,4
Halekulani Corporation,Breach Notification/Details,8/10/2016,3/9/2017,7/7/2017,1
Four Seasons Hotels,Breach Notification/Details,8/10/2016,3/9/2017,7/7/2017,7
Golf & Ski,Breach Notification/Details,3/8/2016,4/13/2017,7/7/2017,12
Torrance Memorial Medical Center,Breach Notification/Details,4/18/2016,4/19/2017,7/7/2017,5
Hard Rock Hotels & Casinos,Breach Notification/Details,8/10/2016,3/9/2017,7/7/2017,5
21c Museum Hotels,Breach Notification/Details,8/10/2016,3/9/2017,7/6/2017,1
Preferred Hotel Group,Breach Notification/Details,8/10/2016,3/9/2017,7/6/2017,500
Peachtree Neurological Clinic,Breach Notification/Details,2/1/2016,5/31/2017,7/6/2017,13
Spark Pay (Capital One),Breach Notification/Details,3/10/2017,6/7/2017,7/6/2017,236
Aqua-Aston Hospitality,Breach Notification/Details,8/10/2016,3/9/2017,7/6/2017,20
Google,Breach Notification/Details,8/10/2016,3/9/2017,7/6/2017,1
Loews Hotels,Breach Notification/Details,8/29/2016,3/9/2017,7/6/2017,71
"Kayser-Roth, Inc.",Breach Notification/Details,2/1/2016,12/31/2016,7/3/2017,209
Auburn University,Breach Notification/Details,6/23/2017,6/23/2017,7/3/2017,1
Betty Lou's,Breach Notification/Details,2/17/2017,5/19/2017,6/30/2017,7
PVHS-ICM Employee Health and Wellness,Breach Notification/Details,5/4/2017,5/4/2017,6/30/2017,29
Community Link,Breach Notification/Details,5/3/2017,5/3/2017,6/30/2017,1
Xtant Medical Holdings,Breach Notification/Details,6/1/2017,6/1/2017,6/30/2017,14
Miraval Arizona Resort and Spa,Breach Notification/Details,8/10/2016,3/9/2017,6/29/2017,3
State Farm,Breach Notification/Details,6/16/2017,6/19/2017,6/29/2017,1
Paul Stuart,Breach Notification/Details,5/15/2017,5/15/2017,6/29/2017,12
Condie Stoker,Breach Notification/Details,1/3/2017,5/18/2017,6/27/2017,12
Epiq,Breach Notification/Details,5/31/2017,5/31/2017,6/27/2017,1
TD Bank,Breach Notification/Details,4/28/2017,6/22/2017,6/27/2017,6
Plastic Surgery Associates,Breach Notification/Details,2/12/2017,4/24/2017,6/27/2017,8
"Caliber Home Loans, Inc.",Breach Notification/Details,6/9/2017,6/9/2017,6/23/2017,108
Aetna,Breach Notification/Details,4/27/2017,4/27/2017,6/21/2017,11
Atlantic Digestive Specialists,Breach Notification/Details,2/18/2017,2/20/2017,6/20/2017,15
Home Point Financial Corporation,Breach Notification/Details,11/15/2016,3/30/2017,6/20/2017,45
Occidental College,Beach Notification/Details,6/1/2017,6/1/2017,6/19/2017,1
Family Tree Health Clinic,Breach Notification/Details,4/24/2017,4/24/2017,6/19/2017,2
Torrance Memorial Medical Center,Breach Notification/Details,4/18/2017,4/19/2017,6/19/2017,5
The Nielsen Company,Breah Notification/Details,5/18/2017,5/18/2017,6/19/2017,1
UBT,Breach Notification/Details,8/1/2016,1/31/2017,6/15/2017,4
SVHS,Breach Notification/Details,5/1/2017,5/3/2017,6/15/2017,2
Southern Tide,Breach Notification/Details,4/27/2017,6/7/2017,6/15/2017,3
Intuit,Breach Notification/Details,2/28/2017,3/31/2017,6/13/2017,11
Leavitt Group Enterprises,Breach Notification/Details,3/29/2017,5/15/2017,6/12/2017,4
Bridge Investment Group,Breach Notification/Details,6/3/2017,6/4/2017,6/12/2017,1
Cove Family & Sports Medicine,Breach Notification/Details,4/14/2017,4/14/2017,6/12/2017,1
Washington State University,Breach Notification/Details,4/21/2017,4/26/2017,6/9/2017,"6,498"
The Forum for Youth Investment,Breach Notification/Details,3/19/2017,3/19/2017,6/8/2017,2
Onia,Breach Notification/Details,11/12/2016,4/11/2017,6/8/2017,2
Jewelry.com,Breach Notification/Details,11/16/2016,5/1/2017,6/7/2017,18
"Airway Oxygen, Inc.",Breach Notification/Details,4/17/2017,4/17/2017,6/6/2017,23
Indigo Wild,Breach Notification/Details,11/14/2016,4/17/2017,6/6/2017,134
"GameStop, Inc.",Breach Notification/Details,8/10/2016,2/9/2017,6/5/2017,"3,075"
Chipotle Mexican Grill,Breach Notification/Details,3/24/2017,4/18/2017,6/5/2017,unknown
Townsends,Breach Notification/Details,1/9/2017,3/10/2017,6/5/2017,10
Crimson Trace Corporation,Breach Notification/Details,6/1/2016,5/5/2017,6/2/2017,41
"Signature Hardware, Inc.",Breach Notification/Details,4/28/2017,5/30/2017,6/2/2017,36
"Township of Springfield, NJ",Breach Notification/Details,2/22/2017,3/9/2017,6/2/2017,1
Trojan Battery Sales,Breach Notification/Details,2/10/2017,4/30/2017,6/1/2017,1
Frontier Airlines,Breach Notification/Details,1/1/2017,5/3/2017,5/31/2017,9
Fast Health,Breach Notification/Details,1/1/2016,3/25/2017,5/26/2017,105
Char-Broil,Breach Notification/Details,3/22/2017,4/21/2017,5/24/2017,56
BMO Harris,Breach Notification/Details,5/15/2017,5/24/2017,5/24/2017,18
Options Express,Breach Notification/Details,1/1/2000,5/24/2017,5/24/2017,2
US Bank,Breach Notification/Details,4/19/2017,4/19/2017,5/24/2017,1
AT&T,Breach Notification/Details,1/25/2017,2/20/2017,5/19/2017,50
Children's Mercy Hospital,Breach Notification/Details,3/23/2016,3/27/2017,5/19/2017,1
Barton Oaks Dental Group,Breach Notification/Details,3/23/2017,3/23/2017,5/18/2017,6
Rite Aid Online Store,Breach Notification/Details,1/30/2017,4/11/2017,5/17/2017,16
Nicopure Labs,Breach Notification/Details,4/3/2017,5/16/2017,5/16/2017,54
KURU Footwear,Breach Notification/Details,12/20/2016,3/3/2017,5/15/2017,92
University of New Mexico Foundation,Breach Notification/Details,2/16/2017,5/15/2017,5/15/2017,57
TALX,Breach Notification/Details,5/2/2016,5/16/2017,5/11/2017,18
"Bechtel Oil, Gas & Chemicals Construction Services",Breach Notification/Details,4/27/2017,4/27/2017,5/10/2017,3
Tatcha,Breach Notification/Details,1/1/2016,4/30/2017,5/9/2017,11
PolkBeder,Breach Notification/Details,3/28/2017,3/28/2017,5/8/2017,1
"RM Acquisition, LLC",Breach Notification/Details,4/12/2016,3/2/2017,5/5/2017,48
Genpact (Scottrade Bank),Breach Notification/Details,1/12/2017,4/2/2017,5/4/2017,31
Wesleyan College,Breach Notification/Details,4/10/2017,4/10/2017,5/3/2017,1
Agri Beef,Breach Notification/Details,11/22/2016,4/4/2017,5/2/2017,35
Capital One,Breach Notification/Details,9/7/2016,12/28/2016,5/1/2017,1
Nova Southeastern University,Breach Notification/Details,2/28/2017,3/2/2017,5/1/2017,1
Yale Capital Corp,Breach Notification/Details,2/21/2017,3/3/2017,5/1/2017,2
Jackson Hewitt,Breach Notification/Details,5/1/2016,12/31/2016,4/29/2017,7
Harrisburg Gastroenterology,Breach Notification/Details,3/17/2017,3/17/2017,4/28/2017,11
"Marbles, LLC",Breach Notification/Details,2/1/2016,12/31/2016,4/28/2017,282
"Gannett Company, Inc.",Breach Notification/Details,3/30/2017,3/30/2017,4/28/2017,90
Pacific Quest,Breach Notification/Details,1/30/2017,1/30/2017,4/27/2017,3
Motl Marketing,Breach Notification/Details,3/16/2017,3/16/2017,4/25/2017,1
Hill Country Memorial Hospital,Breach Notification/Details,2/21/2017,2/21/2017,4/25/2017,3
Donaldson Company,Breach Notification/Details,3/24/2017,3/24/2017,4/24/2017,1
Humana,Breach Notification/Details,3/8/2017,4/3/2017,4/21/2017,5
Lifespan,Breach Notification/Details,2/25/2017,4/21/2017,4/21/2017,2
"Wild, Maney & Resnick",Breach Notification/Details,3/8/2016,3/8/2017,4/21/2017,5
George Fox University,Breach Notification/Details,4/11/2017,4/11/2017,4/21/2017,8
"ILKB, LLC",Breach Notification/Details,10/1/2016,12/23/2016,4/19/2017,159
Northdrop Grumman Systems,Breach Notification/Details,4/18/2016,3/29/2017,4/19/2017,1
Pacific Lutheran University,Breach Notification/Details,1/23/2017,2/22/2017,4/18/2017,7
Neiman Marcus Group (NMG),Breach Notification/Details,12/26/2015,4/2/2017,4/17/2017,7
Intuit,Breach Notification/Details,3/30/2017,3/30/2017,4/17/2017,1
"Johnson, Hearn, Vinegar & Gee",Breach Notification/Details,1/16/2017,1/16/2017,4/14/2017,1
Combat Brands,Breach Notification/Details,7/1/2015,2/23/2017,4/14/2017,132
Six Continents Hotels,Breach Notification/Details,9/29/2016,12/29/2016,4/14/2017,"3,949"
Delta Career Education Corporation,Breach Notification/Details,2/13/2017,2/13/2017,4/14/2017,18
Tidewater Transit Company,Breach Notification/Details,3/27/2017,3/27/2017,4/13/2017,1
"Bluestem Brands, Inc.",Breach Notification/Details,3/24/2017,4/7/2017,4/13/2017,24
Alamo Capital,Breach Notification/Details,3/14/2017,3/14/2017,4/13/2017,7
DataFile Technologies,Breach Notification/Details,2/28/2017,4/10/2017,4/12/2017,1
BankSouth Mortgage,Breach Notification/Details,2/3/2017,2/3/2017,4/11/2017,1
Citibank,Breach Notification/Details,3/27/2016,3/27/2017,4/11/2017,2
"FPI Management, Inc.",Breach Notification/Details,2/7/2017,2/10/2017,4/10/2017,1
Lake Kennedy McCulloch CPA's,Breach Notification/Details,1/30/2017,2/11/2017,4/7/2017,7
"One World Distribution, Inc.",Breach Notification/Details,8/27/2016,2/15/2017,4/7/2017,8
Tempur-Pedic,Breach Notification/Details,2/2/2016,12/31/2016,4/5/2017,887
GlassWasherParts.com,Breach Notifications/Details,2/2/2016,12/31/2016,4/5/2017,12
C. Kirk Holt & Associates,Breach Notification/Details,3/2/2017,4/6/2017,4/4/2017,2
"Extreme Ranch, Inc.",Breach Notification/Details,2/8/2017,3/15/2017,4/1/2017,1
"PenServe Plan Services, Inc.",Breach Notification/Details,2/26/2017,3/1/2017,3/31/2017,3
Krehbiel and Associates CPA,Breach Notification/Details,2/2/2017,2/13/2017,3/30/2017,1
"Maloney & Kennedy, PLLC",Breach Notification/Details,2/15/2017,2/15/2017,3/29/2017,2
Ameriflight,Breach Notification/Details,3/20/2017,3/27/2017,3/28/2017,2
Virginia Gift Brands,Breach Notification/Details,8/18/2016,2/20/2017,3/27/2017,14
Commonwealth Health,Breach Notification/Details,1/4/2017,2/10/2017,3/24/2017,7
Washington University School of Medicine,Breach Notification/Details,1/24/2017,1/24/2017,3/24/2017,4
Coachella.com,Breach Notification/Details,9/1/2016,2/28/2017,3/23/2017,1
"Rudd & Company, PLLC",Breach Notification/Details,3/5/2017,3/5/2017,3/22/2017,26
Campbell Taylor & Company,Breach Notification/Details,1/27/2017,2/2/2017,3/21/2017,7
"Bulletproof 360, Inc.",Breach Notification/Details,10/26/2016,1/31/2017,3/21/2017,332
People for People,Breach Notification/Details,10/20/2016,2/3/2017,3/20/2017,1
Urology Austin,Breach Notification/Details,1/22/2017,1/22/2017,3/20/2017,62
American Tire Distributors,Breach Notification/Details,3/3/2017,3/6/2017,3/17/2017,9
"Northwest Christian Schools, Inc.",Breach Notification/Details,2/11/2017,2/11/2017,3/16/2017,1
Colorado Nonprofit Development Center,Breach Notification/Details,3/3/2017,3/3/2017,3/16/2017,1
Therafit Shoes,Breach Notification/Details,2/21/2017,2/21/2017,3/16/2017,1
"Ameriprise Financial Services, Inc.",Breach Notification/Details,12/15/2016,12/15/2016,3/15/2017,1
Vertex Wireless,Breach Notification/Details,2/21/2017,3/21/2017,3/15/2017,1
Zest Dental Solution,Breach Notification/Details,12/31/2013,2/4/2017,3/14/2017,27
Plow & Hearth,Breach Notification/Details,2/1/2016,12/31/2016,3/14/2017,345
"Geokinetics, Inc.",Breach Notification/Details,1/25/2017,1/25/2017,3/14/2017,3
Ondracek & Company,Breach Notification/Details,11/21/2016,2/6/2017,3/13/2017,1
ADF International,Breach Notification/Details,3/10/2017,3/10/2017,3/13/2017,307
"Wall Titus, LLC",Breach Notification/Details,12/20/2016,12/27/2016,3/10/2017,4
HealthTexas Provider Network (Denton Heart Group),Breach Notification/Details,12/29/2016,12/29/2016,3/10/2017,2
"Friedman & Perry, CPA's",Breach Notification/Details,6/15/2016,1/30/2017,3/9/2017,2
prAna,Breach Notification/Details,12/14/2016,2/6/2017,3/8/2017,"4,136"
R.C. Purdy Chocolates Ltd. dba Purdys Chocolatier,Breach Notification/Details,2/1/2016,12/31/2016,3/8/2017,4
"Running Supply, Inc.",Breach Notification/Details,2/1/2016,12/31/2016,3/8/2017,67
Sport-Smart.com,Breach Notification/Details,2/1/2016,12/31/2016,3/8/2017,70
"Vapour Organic Beauty, LLC",Breath Notification/Details,2/1/2016,12/31/2016,3/8/2017,114
"Maxim Capital Enterprises, Inc.",Breach Notification/Details,2/4/2017,2/21/2017,3/7/2017,4
"Atwood Distributing, Inc.",Breach Notification/Details,2/1/2016,12/31/2016,3/7/2017,5
University of Idaho,Breach Notification Details,1/24/2017,1/24/2017,3/6/2017,3
"Bambeco, Inc.",Breach Notification/Details,2/1/2016,12/31/2016,3/6/2017,217
"Carl Cross, LLC",Breach Notification/Details,2/14/2017,2/14/2017,3/3/2017,5
West Music Company,Breach Notification/Details,2/1/2016,12/31/2016,3/3/2017,267
Daytona State College,Breach Notification/Details,2/19/2017,2/19/2017,3/3/2017,3
"Theisen's Supply, Inc.",Breach Notification/Details,2/1/2016,12/31/2016,3/3/2017,10
Iowa Mutual Insurance Company,Breach Notification/Details,1/30/2016,1/30/2017,3/2/2017,1
"Lexington County Health Services District, Inc.",Breach Notification/Details,2/13/2017,2/13/2017,3/2/2017,2
AmQuip Crane Rental,Breach Notification/Details,8/2/2016,2/22/2017,3/1/2017,1
"Ambassador Title Service, RTS Title & Escrow, DRI Title & Escrow",Breach Notification/Details,12/25/2016,1/14/2017,2/28/2017,17
Wisenbaker Builder Services,Breach Notification/Details,2/10/2017,2/10/2017,2/27/2017,1
Alpha Industries,Breach Notification/Details,2/1/2016,12/31/2016,2/27/2017,57
Atlantic Cigar Co.,Breach Notification/Details,2/1/2016,12/31/2016,2/27/2017,93
Rod's Western Palace,Breach Notification/Details,2/8/2017,2/10/2017,2/24/2017,602
United States Anti-Doping Agency,Breach Notification/Details,10/6/2016,10/6/2016,2/24/2017,2
Liberty Hardware Manufacturing Corporation,Breach Notification/Details,2/1/2016,12/31/2016,2/24/2017,1
Roberts Hawaii,Breach Notification/Details,7/15/2015,12/14/2016,2/24/2017,73
John Deere Financial,Breach Notification/Details,1/24/2017,1/24/2017,2/24/2017,3
Benchmark,Breach Notification/Details,10/23/2016,1/1/2017,2/24/2017,unknown
Federal Direct Tax Services,Breach Notification/Details,1/2/2017,2/2/2017,2/24/2017,1
JoFit,Breach Notification/Details,11/29/2016,1/17/2017,2/24/2017,13
"Nutrex Hawaii, Inc.",Breach Notification/Details,2/1/2016,12/31/2016,2/24/2017,107
Abbott Nutrition,Breach Notification/Details,6/1/2013,12/31/2016,2/23/2017,193
SunTrust,Breach Notification/Details,11/2/2016,1/27/2017,2/23/2017,1
Nomad Global Communications Solutions,Breach Notifications/Details,2/20/2017,2/20/2017,2/23/2017,129
"Bluemercury, Inc.",Breach Notification/Details,2/1/2016,12/31/2016,2/23/2017,69
Intex Recreation Corp,Breach Notification/Details,4/24/2016,12/14/2016,2/22/2017,210
InterMountain Management,Breach Notification/Details,2/3/2017,2/3/2017,2/22/2017,49
Arabella Advisors,Breach Notification/Details,2/9/2017,2/9/2017,2/22/2017,3
"Roxy Trading, Inc.",Breach Notification/Details,1/27/2017,1/27/2017,2/22/2017,5
Federal Direct Tax Services,Breach Notification/Details,1/2/2017,2/2/2017,2/22/2017,1
TRG,Breach Notification/Details,2/17/2017,2/17/2017,2/22/2017,75
Emory Healthcare,Breach Notification/Details,1/1/2017,1/1/2017,2/21/2017,10
MovieMars.com,Breach Notification/Details,2/1/2016,12/31/2016,2/21/2017,53
CenturyLink,Breach Notification/Details,1/30/2017,2/1/2017,2/20/2017,26
Citizens Memorial Hospital,Breach Notification/Details,2/8/2017,2/8/2017,2/20/2017,1
"Century, LLC",Breach Notification/Details,2/1/2016,12/31/2016,2/19/2017,107
"Amplify Education, Inc.",Breach Notification/Details,2/2/2017,2/3/2017,2/17/2017,2
Family Service Rochester,Breach Notification/Details,12/26/2016,1/25/2017,2/17/2017,7
New England Biolabs (NEB),Breach Notification/Details,2/1/2016,12/31/2016,2/17/2017,203
The Honest Kitchen,Breach Notification/Details,11/30/2016,1/17/2017,2/15/2017,26
"Driveline Retail Merchandising, Inc.",Breach Notification/Details,1/25/2017,1/25/2017,2/14/2017,30
Evanson Asset Management,Breach Notification/Details,1/9/2017,1/10/2017,2/14/2017,1
Petro 49,Breach Notification/Details,1/19/2017,1/13/2017,2/13/2017,1
Frosch International Travel,Breach Notification/Details,2/10/2017,2/10/2017,2/13/2017,1
"TransPerfect Global, Inc.",Breach Notification/Details,1/17/2017,1/17/2017,2/10/2017,1
TechWise,Breach Notification/Details,1/24/2017,2/8/2017,2/10/2017,1
Klondex Mines,Breach Notification/Details,1/20/2017,1/20/2017,2/9/2017,2
College of Southern Idaho,Breach Notification/Details,2/2/2017,2/2/2017,2/8/2017,3
SouthEast Alaska Regional Health Consortium,Breach Notification/Details,1/25/2017,1/25/2017,2/8/2017,3
Boeing,Breach Notification/Details,11/21/2016,11/21/2016,2/8/2017,7
Land Title,Breach Notification/Details,3/1/2016,5/31/2016,2/7/2017,1
The Federal Savings Bank,Breach Notification/Details,12/1/2016,12/7/2016,2/7/2017,4
Berkeley College,Breach Notification/Details,12/31/2016,12/31/2016,2/6/2017,10
"Sky Climber, LLC",Breach Notification/Details,1/23/2017,1/23/2017,2/6/2017,2
Capital One,Breach Notification Details,9/1/2016,1/9/2017,2/6/2017,353
"Conover Capital Management, LLC / Conover Securities Corporation",Breach Notification/Details,11/16/2016,11/16/2016,2/3/2017,9
Corporate Travel Planners,Breach Notifications/Details,2/2/2017,2/2/2017,2/3/2017,1
King McNamara Moriarty,Breach Notification/Details,6/23/2016,12/13/2016,2/2/2017,3
Aero Air,Breach Notification/Details,1/11/2017,1/11/2017,2/2/2017,7
Hutchinson and Bloodgood LLP,Breach Notification/Details,12/21/2016,12/21/2016,2/1/2017,67
Persante,Breach Notification/Details,1/18/2017,1/18/2017,1/31/2017,1
"Kuhana Associates, LLC",Breach Notification/Details,1/17/2017,1/17/2017,1/30/2017,6
"Axis Insurance Services, LLC",Breach Notification/Details,12/12/2016,12/12/2016,1/30/2017,1
International Code Council,Breach Notification/Details,4/25/2016,9/14/2016,1/27/2017,28
Campbell County Health,Breach Notification/Details,1/25/2017,1/25/2017,1/27/2017,6
Distribution International,Breach Notification/Details,1/25/2017,1/25/2017,1/27/2017,6
Synergy Specialists Medical Group,Breach Notification/Details,12/9/2016,12/9/2016,1/26/2017,1
"Charles Komar & Sons, Inc.",Breach Notification/Details,3/1/2015,12/1/2016,1/26/2017,77
Capital One,Breach Notification/Details,11/16/2016,12/22/2016,1/26/2017,1
"Intuit, Inc.",Breach Notification/Details,1/17/2017,1/17/2017,1/26/2017,4
Center for Mental Health,Breach Notification/Details,11/29/2016,11/29/2016,1/19/2017,66
CoPilot Provider Support Services,Breach Notification/Details,12/23/2015,12/23/2015,1/18/2017,2
"Breville USA, Inc.",Breach Notification/Details,12/22/2016,12/28/2016,1/17/2017,3
Contech Engineered Solutions,Breach Notification/Details,10/10/2016,10/10/2016,1/17/2017,1
Spiraledge - Swim Outlet.com & YogaOutlet.com,Breach Notification/Details,5/2/2016,11/22/2016,1/12/2017,"1,411"
DealerBuilt,Breach Notification/Details,10/29/2016,11/7/2016,1/9/2017,17
LASOC - Legal Aid Society of Orange County,Breach Notification/Details,9/25/2016,10/31/2016,1/6/2017,21
"Ameriprise Financial Services, Inc.",Breach Notification/Details,12/6/2016,12/6/2016,1/3/2017,1
Sheet Metal Workers' Local Union 104,Breach Notification/Details,10/3/2016,10/3/2016,12/30/2016,29
American Pharmacists Association,Breach Notification/Details,4/23/2016,4/24/2016,12/29/2016,2
Community Health Plan of Washington,Breach Notification/Details,11/7/2016,11/7/2016,12/29/2016,18
CommonBond,Breach Notification/Details,11/30/2016,11/30/2016,12/29/2016,1
"Cascade Management, Inc.",Breach Notification/Details,11/1/2016,11/1/2016,12/28/2016,2
"Graphik Dimensions, Ltd.",Breach Notification/Details,7/12/2016,11/30/2016,12/28/2016,61
Unison Home,Breach Notification/Details,5/16/2016,10/18/2016,12/28/2016,3
"The Topps Company, Inc.",Breach Notification/Details,7/30/2016,10/12/2016,12/27/2016,18
Naturepedic,Breach Notification/Details,6/6/2016,10/28/2016,12/27/2016,4
Madison Trust Company,Breach Notification/Details,10/28/2016,10/28/2016,12/27/2016,2
"Brandywine Pediatrics, P.A.",Breach Notification/Details,10/25/2016,10/25/2016,12/23/2016,1
Claremont University Consortium,Breach Notification/Details,11/15/2016,11/15/2016,12/22/2016,1
Dover Federal Credit Union,Breach Notification/Details,9/20/2016,9/20/2016,12/22/2016,36
"Hash, O'Brien, Biby & Murray, PLLP",Breach Notification/Details,12/13/2016,12/13/2016,12/21/2016,175
Luther College,Breach Notification/Details,10/12/2016,10/12/2016,12/20/2016,6
"Western Union Financial Services, Inc.",Breach Noitification/Details,7/1/2016,7/31/2016,12/20/2016,169
"Bomberg, Roach & Hanson, PLLC",Breach Notification/Details,9/13/2016,9/13/2016,12/16/2016,9
The Federal Savings Bank,Breach Notification/Details,9/21/2016,9/29/2016,12/16/2016,4
Southcentral Foundation,Breach Notification/Details,10/14/2016,10/18/2016,12/16/2016,7
"Tropicana St. Louis, LLC",Breach Notification/Details,10/27/2016,10/27/2016,12/15/2016,1
"USGB, LLC",Breach Notifiacation/Details,8/28/2016,8/28/2016,12/15/2016,1
"BraceAbility, Inc.",Breach Notification/Details,9/24/2016,11/28/2016,12/13/2016,22
"Intuit, Inc.",Breach Notification/Details,11/23/2016,11/23/2016,12/12/2016,4
Asante Health System,Breach Notification/Details,6/14/2014,10/22/2016,12/9/2016,1
Citrix Systems,Breach Notification/Details,11/15/2016,11/15/2016,12/6/2016,2
"Intuit, Inc.",Breach Notification/Details,11/9/2016,12/22/2016,12/2/2016,3
"Guilmartin, DiPiro & Sokolowski, LLC",Breach Notification/Details,10/17/2016,11/2/2016,12/2/2016,1
San José Evergreen Community College,Breach Notification/Details,11/7/2016,11/7/2016,12/1/2016,1
Baylor College of Medicine,Breach Notification/Details,10/15/2016,10/31/2016,11/30/2016,1
"Lang Companies, Inc.",Breach Notification/Details,9/1/2016,10/19/2016,11/30/2016,53
SwervePoint,Breach Notification/Details,2/10/2016,6/2/2016,11/29/2016,4
State Street,Breach Notification/Details,7/16/2016,8/5/2016,11/28/2016,6
Primerica,Breach Notification/Details,9/4/2016,9/12/2016,11/23/2016,4
Backcountry Gear,Breach Notification/Details,9/26/2016,11/5/2016,11/23/2016,25
Madison Square Garden Company,Breach Notification/Details,10/24/2016,11/9/2016,11/22/2016,unknown
"Ameriprise Financial Services, Inc.",Breach Notification/Details,10/17/2016,10/17/2016,11/21/2016,2
Michigan State University,Breach Notification/Details,11/13/2016,11/13/2016,11/21/2016,460
Springfield Armory,Breach Notification/Details,10/3/2016,11/9/2016,11/18/2016,83
NRSC,Breach Notification/Details,10/5/2016,10/5/2016,11/17/2016,2
Eye Institute of Marin,Breach Notification/Details,7/26/2016,7/27/2016,11/16/2016,1
Yummie,Breach Notification/Details,10/4/2016,11/1/2016,11/16/2016,5
Aetna,Breach Notification/Details,9/9/2016,9/9/2016,11/16/2016,34
Sirius XM Radio Inc.,Breach Notification/Details,10/31/2016,10/31/2016,11/11/2016,2
Baxter Credit Union,Breach Notification/Details,10/11/2016,10/11/2016,11/10/2016,1
UFCW Local 655 Employers Joint Pension Plan,Breach Notification/Details,7/14/2016,7/21/2016,11/9/2016,71
"Politi & Magnifico, LLC",Breach Notification/Details,9/13/2016,9/13/2016,11/9/2016,4
"Eileen Fisher, Inc.",Breach Notification/Details,9/7/2016,10/24/2016,11/9/2016,83
Honig's Whistle Stop,Breach Notification/Details,8/4/2016,8/30/2016,11/9/2016,45
"Baker, Overby & Moore, Inc., P.S.",Breach Notification/Details,10/8/2016,10/31/2016,11/8/2016,3
Rebecca Minkoff LLC (2),Breach Notification/Details,8/10/2016,10/7/2016,11/7/2016,15
Sentinel Hotel,Breach Notification/Details,7/12/2016,10/3/2016,11/4/2016,4
Christian Louboutin LLC,Breach Notification/Details,8/28/2016,10/3/2016,11/3/2016,2
"National Wholesale Company, Inc.",BreachNotification/Details,10/14/2016,10/15/2016,11/3/2016,55
Pacific Concepts Group d/b/a National Satellite Center,Breach Notification/Details,9/13/2016,9/13/2016,10/21/2016,1
Ameriprise Financial,Breach Notification/Details,9/20/2016,9/20/2016,10/21/2016,1
State Farm Mutual Automobile Insurance Company,Breach Notification/Details,9/27/2016,9/27/2016,10/20/2016,1
Rocky Mountain Credit Union,Breach Notification/Details,4/15/2016,6/30/2016,10/20/2016,106
Natural Life Collections,Breach Notification/Details,9/18/2016,9/23/2016,10/20/2016,3
Eastwood Company,Breach Notification/Details,5/29/2016,7/22/2016,10/19/2016,114
Atlanta Falcons Football Club,Breach Notification/Details,2/16/2016,8/20/2016,10/17/2016,1
Intuit (15),Breach Notification/Details,9/13/2016,9/13/2016,10/17/2016,4
Gibson Insurance Agency,Breach Notification/Details,7/28/2016,7/28/2016,10/14/2016,1
Integrity Transitional Hospital,Breach Notification/Details,8/15/2016,8/15/2016,10/14/2016,2
"Curtis F. Robinson, M.D.",Breach Notification/Details,7/11/2016,7/26/2016,10/13/2016,3
Vera Bradley,Breach Notification/Details,7/25/2016,9/23/2016,10/12/2016,2
MicroDAQ,Breach Notification/Details,9/4/2016,9/22/2016,10/7/2016,2
University of Montana,Breach Notification/Details,9/12/2016,9/12/2016,10/6/2016,1
HD Vest Investment Services (2),Breach Notification/Details,7/28/2016,8/1/2016,10/5/2016,2
Borden Perlman Salisbury & Kelly Insurance,Breach Notification/Details,7/6/2016,7/6/2016,10/5/2016,3
Vaupell Holdings,Breach Notification/Details,9/12/2016,9/12/2016,10/3/2016,2
"Francisco Jaume, D.O.",Breach Notification/Details,8/22/2016,8/22/2016,10/3/2016,2
"Dale A. Wein, Prof. LLC",Breach Notification/Details,5/1/2016,7/12/2016,10/1/2016,9
Hutton Hotel,Breach Notification/Details,9/19/2012,6/10/2016,9/29/2016,19
VF Outlet,Breach Notification/Details,4/17/2016,8/26/2016,9/28/2016,12
Thomasville Eye Center,Breach Notification/Details,8/8/2016,8/8/2016,9/28/2016,1
Santoro CPA and SimpleBooks Corp.,Breach Notification/Details,7/21/2016,7/21/2016,9/27/2016,1
BECU (Boeing Employees' Credit Union),Breach Notification/Details,8/9/2016,8/9/2016,9/26/2016,1
Novation Settlement Solutions,Breach Notification/Details,8/15/2016,9/8/2016,9/23/2016,15
Intuit (14),Breach Notification/Details,9/5/2016,9/12/2016,9/23/2016,4
YAHOO,What Yahoo Users Should Do,9/1/2014,10/1/2014,9/22/2016,Unknown
"Napa Valley Dentristry of Napa, California",Breach Notification/Details,8/11/2016,8/11/2016,9/22/2016,3
Central Ohio Urology Group (COUG),Breach Notification/Details,8/2/2016,8/2/2016,9/22/2016,20
"Stallcup & Associates, CPAs",Breach Notification/Details,7/11/2016,7/11/2016,9/21/2016,1
ACTIVEOutdoors,Breach Notification/Details,8/22/2016,8/22/2016,9/19/2016,"40,370"
Lulu's Fashion Lounge,Breach Notification/Details,8/11/2016,8/16/2016,9/16/2016,28
Capital One,Breach Notification/Details,6/29/2016,7/17/2016,9/15/2016,1
Ursus Holdings,Breach Notification/Details,4/25/2016,4/25/2016,9/15/2016,6
"Wheeler & Egger, CPAs",Breach Notification/Details,8/3/2016,8/9/2016,9/13/2016,4
"Pratap Kurrar, M.D.",Breach Notification/Details,8/8/2016,8/9/2016,9/12/2016,1
Asante Health System,Breach Notification/Details,8/18/2014,7/21/2016,9/9/2016,3
Rebecca Minkoff,Breach Notification/Details,8/10/2016,8/10/2016,9/9/2016,4
IAP Worldwide (Ingenuity and Purpose) (2),Breach Notification/Details,5/1/2016,6/14/2016,9/9/2016,2
"City of Plummer, Idaho",Breach Notification/Details,4/13/2016,4/14/2016,9/9/2016,7
King of Prussia Dental Association (KOP),Breach Notification/Details,3/28/2016,6/5/2016,9/8/2016,3
Burrell Behavioral Health,Breach Notification/Details,7/6/2016,7/7/2016,9/6/2016,1
Noble House Hotels & Resorts (4),Breach Notification/Details,4/25/2016,8/3/2016,9/2/2016,50
M Holdings Securities,Breach Notification/Details,8/1/2016,8/1/2016,8/31/2016,7
CHI Franciscan Healthcare Highline Medical Center (R-C Healthcare Management),Breach Notification/Details,4/21/2016,6/13/2016,8/31/2016,15
Gray Television,Breach Notification/Details,8/12/2016,8/12/2016,8/31/2016,34
Kimpton Hotels & Restaurants,Breach Notification/Details,2/16/2016,7/7/2016,8/31/2016,276
Exterran,Breach Notification/Details,11/24/2015,11/24/2015,8/26/2016,9
Michelle A. Pecora CPA,Breach Notification/Details,7/27/2016,8/2/2016,8/25/2016,1
Noble House Hotels & Resorts (3),Breach Notification/Details,4/26/2016,6/8/2016,8/24/2016,1
KontrolFreek LLC (2),Breach Notification/Details,10/21/2015,4/7/2016,8/22/2016,59
SCAN Health Plan,Breach Notification/Details,3/4/2016,6/24/2016,8/22/2016,6
Toyota Motor Credit Corporation (3),Breach Notification/Details,6/28/2016,6/28/2016,8/22/2016,19
"Eddie Bauer, LLC",Breach Notification/Details,7/15/2016,7/15/2016,8/19/2016,"8,492"
Intuit (13),Breach Notification/Details,8/3/2016,8/3/2016,8/19/2016,6
Newkirk - Symphonix,Breach Notification/Details,5/21/2016,7/6/2016,8/19/2016,"2,072"
"Matouk Factory Store, Inc.",Breach Notification/Details,6/19/2016,7/22/2016,8/18/2016,1
DXE Medical,Breach Notification/Details,3/24/2016,7/29/2016,8/18/2016,7
"Presnell Gage, PLLC",Breach Notification/Details,7/16/2016,8/18/2016,8/18/2016,35
"Anderson, Tackman & Co.",Breach Notification/Details,7/6/2016,7/6/2016,8/15/2016,4
"Precision Pipeline, LLC, subsidiary of MasTec, Inc.",Breach Notification/Details,7/25/2016,7/25/2016,8/15/2016,4
Schwan's Home Service,Breach Notification/Details,10/9/2015,8/1/2016,8/15/2016,135
Valley Anesthesiology and Pain Consultants (VAPC),Breach Notification/Details,3/30/2016,6/13/2016,8/12/2016,586
Bon Secours Health System/R-C Healthcare Management,Breach Notification/Details,4/18/2016,4/21/2016,8/12/2016,45
HEI Hotels & Resorts,Breach Notification/Details,12/2/2015,6/12/2016,8/12/2016,unknown
PAX Labs,Breach Notification/Details,6/25/2016,7/22/2016,8/12/2016,10
USAA Federal Savings Bank,Breach Notification/Details,7/23/2016,7/25/2016,8/11/2016,1
"Taleff & Murphy, P.C.",Breach Notification/Details,6/15/2016,6/15/2016,8/10/2016,unknown
Rotech Healthcare,Breach Notification/Details,6/13/2016,6/13/2016,8/10/2016,1
EBSCO Sign Group a/k/a OutdoorSigns America,Breach Notification/Details,7/16/2016,7/22/2016,8/8/2016,2
HD Vest Investment Services,Breach Notification/Details,5/23/2016,7/6/2016,8/4/2016,818
"Travel Caddy, Inc. dba Travelon",Breach Notification/Details,11/13/2015,6/10/2016,8/4/2016,3
Banner Health,Breach Notification/Details,6/23/2016,7/7/2016,8/3/2016,"2,155"
"Green Plains, Inc.",Breach Notification/Details,7/27/2016,7/27/2016,8/1/2016,1
"Pro Performance Sports, LLC",Breach Notification/Detail,,,7/30/2016,1
"Nordic Consulting Partners, Inc.",Breach Notification/Details,7/21/2016,7/21/2016,7/29/2016,1
"MedAltus, LLC",Breach Notification/Details,5/3/2016,6/29/2016,7/29/2016,8
Academy of Nutrition & Dietetics,Breach Notification/Details,4/22/2016,4/24/2016,7/28/2016,2
Specialty Equipment Market Association (SEMA),Breach Notification/Details,4/23/2016,4/24/2016,7/27/2016,2
American College of Emergency Physicians (ACEP) (ComNet Marketing),Breach Notification/Details,6/23/2016,6/23/2016,7/22/2016,1
"inVentiv Health, Inc.",Breach Notification/Details,7/7/2016,7/7/2016,7/21/2016,8
United States Fire Insurance (CoverX Corporation),Breach Notificaiton/Details,5/16/2016,5/16/2016,7/21/2016,42
Skagit Farmers Supply (SFS),Breach Notification/Details,6/6/2016,6/7/2016,7/20/2016,17
Institute of Management Accountants (IMA),Breach Notification/Details,4/23/2016,4/24/2016,7/20/2016,2
"CiCi Enterprises, LP",Breach Notification/Details,3/1/2016,7/19/2016,7/19/2016,unknown
"Internet Chess Club, Inc.",Breach Notification/Details,5/30/2016,5/30/2016,7/19/2016,2
"San Antonio Shoemakers, Inc. (SAS)",Breach Notification/Details,4/21/2016,6/13/2016,7/19/2016,23
"Matador Recordings, LLC d/b/a Matador Direct",Breach Notification/Details,4/28/2015,5/4/2016,7/15/2016,21
Project Management Institute (PMI),Breach Notification/Details,4/23/2016,4/24/2016,7/14/2016,4
IAP Worldwide (Ingenuity and Purpose),Breach Notification/Details,5/1/2016,6/14/2016,7/14/2016,15
Primoris Services Corporation,Breach Notification/Details,4/26/2016,4/26/2016,7/13/2016,1
Comnet Marketing Group,Breach Notification/Details,4/22/2016,4/24/2016,7/12/2016,1
Career Education Corporation,Breach Notification/Details,6/16/2016,6/16/2016,7/11/2016,1
Omni Hotel and Resorts,Breach Notification/Details,12/23/2015,6/14/2016,7/8/2016,31
Medtronic,Breach Notification/Details,5/11/2016,5/11/2016,7/8/2016,1
North Carolina State University,Breach Notification/Details,6/3/2016,6/3/2016,7/8/2016,2
American Association for Advancement of Science (Comnet Marketing Group),Breach Notification/Details,4/18/2015,1/29/2016,7/8/2016,3
Wendy's,Breach Notification/Details,11/30/2015,6/8/2016,7/7/2016,unknown
Blue Cross Blue Shield of North Dakota,Breach Notification/Details,5/20/2016,6/2/2016,7/6/2016,3
"NLU Products, LLC (BGZ Brands)",Breach Notification/Details,6/8/2016,6/8/2016,7/5/2016,289
KontrolFreek,Breach Notification/Details,10/21/2015,4/7/2016,6/30/2016,7
Patterson Dental Supply (Massachusetts General Hospital),Breach Notification/Details,2/8/2016,2/8/2016,6/29/2016,1
"Rayner, Foos, Kruse and Irwin, CPAs (RFKI)",Breach Notification/Details,4/18/2016,5/27/2016,6/28/2016,1
Jefferson Medical Associates (JMA),Breach Notification/Details,3/25/2014,6/1/2016,6/28/2016,1
Hard Rock Hotel & Casino Las Vegas,Breach Notification/Details,10/15/2015,3/21/2016,6/27/2016,unknown
"Gamesa Wind US, LLC",Breach Notification/Details,6/17/2016,6/17/2016,6/27/2016,1
Intuit (12),Breach Notification/Details,6/2/2016,6/2/2016,6/21/2016,2
Southcentral Foundation (SCF),Breach Notification/Details,3/8/2016,4/4/2016,6/17/2016,1
Uber,Breach Notification/Details,5/13/2014,5/13/2014,6/15/2016,1
AmeriPrise Financial (2),Breach Notification/Details,4/28/2016,4/28/2016,6/14/2016,2
University of Connecticut,Breach Notification/Details,9/1/2013,4/1/2015,6/14/2016,19
Tiemart,Breach Notification/Details,5/4/2016,5/19/2016,6/13/2016,1
Intuit (11),Breach Notification/Details,5/17/2016,5/17/2016,6/10/2016,3
Trump Hotel Collection,Breach Notification/Details,3/21/2016,3/21/2016,6/10/2016,1
MEI-GSR (Grand Sierra Resort),Breach Notification/Details,2/14/2014,8/5/2015,6/6/2016,111
Acer Service Corporation,Breach Notification/Details,5/12/2015,4/28/2016,6/3/2016,110
"Empathia, Inc.",Breach Notification/Details,1/30/2016,3/23/2016,6/3/2016,151
Glu Mobile,Breach Notification/Details,5/20/2016,5/21/2016,6/1/2016,1
"Extraction Oil & Gas, LLC",Breach Notification/Details,5/23/2016,5/23/2016,5/31/2016,1
National Network of Abortion Funds (NNAF),Breach Notification/Details,4/7/2016,4/7/2016,5/27/2016,1
"Shoes West Distribution, Inc dba Taos Footwear",Breach Notification/Details,4/14/2016,4/14/2016,5/27/2016,3
Intuit (10),Breach Notification/Details,5/2/2016,5/2/2016,5/26/2016,2
Match-Up Solutions,Breach Notification/Details,12/7/2015,5/3/2016,5/26/2016,1
Kroger Co.,Breach Notification/Details,1/20/2016,4/27/2016,5/25/2016,20
Stamford Podiatry Group,Breach Notification/Details,2/22/2016,4/14/2016,5/24/2016,1
"Maritz Holdings, Inc.",Breach Notification/Details,3/1/2016,4/7/2016,5/23/2016,5
"Metropolitan Jewish Health System, Inc.",Breach Notification/Details,4/21/2016,4/21/2016,5/19/2016,1
"Batdorf & Bronson Coffee Roasters (Challain, Inc.)",Breach Notification/Details,10/1/2015,4/22/2016,5/17/2016,5
Block and Company (MMF Industries) (2),Breach Notification/Details,3/21/2016,3/21/2016,5/13/2016,1
"San Juan County, New Mexico",Breach Notification/Details,3/18/2016,3/18/2016,5/13/2016,2
U. S. Bank,Breach Notification/Details,2/1/2016,4/19/2016,5/12/2016,5
"MYR Group (L.E. Myers Co., Sturgeon Electric, GSW Construction)",Breach Notification/Details,4/14/2016,4/14/2016,5/12/2016,28
Renville County Hospital and Clinic,Breach Notification/Details,4/13/2016,4/13/2016,5/12/2016,1
"Curse, Inc.",Breach Notification/Details,4/11/2016,4/11/2016,5/11/2016,1
Hi-Tec (2) (Magnum Boots),Breach Notification/Details,9/22/2014,1/23/2016,5/11/2016,104
Kalamazoo College,Breach Notification/Details,4/29/2016,4/29/2016,5/11/2016,1
Medical Colleagues of Texas,Breach Notification/Details,3/8/2016,3/8/2016,5/11/2016,20
MKK Consulting Engineers,Breach Notification/Details,2/19/2016,4/6/2016,5/11/2016,10
Distinct Software Solutions,Breach Notification/Details,4/19/2016,5/2/2016,5/10/2016,5
Group Benefit Services (GBS),Breach Notification/Details,2/8/2016,2/8/2016,5/9/2016,1
Intuit (9),Breach Notification/Details,4/6/2016,4/27/2016,5/9/2016,8
CertifiKid LLC,Breach Notification/Details,1/25/2016,3/19/2016,5/5/2016,2
Brunswick Corporation,Breach Notification/Details,4/29/2016,4/29/2016,5/5/2016,1
Charles Schwab & Co.,Breach Notification/Details,3/25/2016,3/25/2016,5/4/2016,6
Sanctuary Clothing,Breach Notification/Details,12/30/2015,3/22/2016,5/3/2016,1
Leavitt Group,Breach Notification/Details,4/5/2016,4/5/2016,5/3/2016,68
"Ken Waterman, CPA",Breach Notification/Details,3/30/2016,3/30/2016,5/3/2016,1
Hi-Tec (1) (Magnum Boots),Breach Notification/Details,1/24/2016,3/11/2016,4/29/2016,0
EqualizeRCM Systems (ERCM),Breach Notification/Details,2/25/2016,2/26/2016,4/28/2016,3
Intuit (8),Breach Notification/Details,3/30/2016,4/11/2016,4/28/2016,9
Michels Corporation,Breach Notification/Details,4/16/2016,4/16/2016,4/27/2016,34
Total Community Options dba InnovAge,Breach Notification/Details,4/8/2016,4/22/2016,4/26/2016,1
ProSchools,Breach Notification/Details,2/4/2016,3/16/2016,4/22/2016,25
"LuckyPet, Inc.",Breach Notification/Details,10/15/2015,3/16/2016,4/22/2016,67
FruitfulYield.com; NOW-2-U.com; VitaminExperts.com,Breach Notification/Details,1/7/2016,3/21/2016,4/20/2016,15
TTI Floor Care North America,Breach Notification/Details,10/1/2015,11/30/2015,4/18/2016,1
"doTERRA International, LLC",Breach Notification/Details,3/1/2016,3/31/2016,4/18/2016,"18,304"
DealerSocket Inc.,Breach Notification/Details,4/11/2016,4/11/2016,4/18/2016,1
Addus HomeCare,Breach Notification/Details,3/31/2016,3/31/2016,4/15/2016,1
Staminus Communications,Breach Notification/Details,3/10/2016,3/10/2016,4/15/2016,12
GoldKey|PHR,Breach Notification/Details,2/29/2016,2/29/2016,4/15/2016,1
O.C. Tanner,Breach Notification/Details,4/14/2016,4/14/2016,4/15/2016,2
"Department of Health and Human Services, Early Childhood Services Bureau",Breach Notification/Details,3/29/2016,3/29/2016,4/14/2016,185
Intuit (7),Breach Notification/Details,3/15/2016,3/15/2016,4/13/2016,2
Academy of Art University,Breach Notification/Details,3/4/2016,3/4/2016,4/13/2016,3
Prime Therapeutics,Breach Notification/Details,3/1/2016,3/31/2016,4/13/2016,1
"Pioneer News Group of Seattle, Washington",Breach Notification/Details,3/12/2016,3/12/2016,4/12/2016,210
Schwaab (DiscountRubberStamps.com),Breach Notification/Details,1/22/2016,1/26/2016,4/11/2016,272
OnDeck Capital,Breach Notification/Details,11/1/2015,11/30/2015,4/11/2016,5
"Rule Steel, Inc.",Breach Notification/Details,4/6/2016,4/6/2016,4/11/2016,1
"OptumRx, Inc.",Breach Notification/Details,3/16/2016,3/16/2016,4/8/2016,5
Midland Paper Packaging & Supplies,Breach Notification/Details,4/4/2016,4/4/2016,4/6/2016,1
Whiting-Turner Contracting Company,Breach Notification/Details,3/8/2016,3/8/2016,4/6/2016,2
Next Generation Tax and Accounting,Breach Notification/Details,2/15/2016,2/27/2016,4/6/2016,2
O'Reilly School of Technology (O'Reilly Media Group),Breach Notification/Details,2/11/2016,2/11/2016,4/1/2016,3
Great Falls Clinic,Breach Notification/Details,3/24/2016,3/24/2016,4/1/2016,623
"Fish, Wildlife and Parks",Breach Notification/Details,3/2/2016,3/2/2016,4/1/2016,2
Ryman Hospitality Properties,Breach Notification/Details,3/23/2016,3/23/2016,4/1/2016,2
Clinton Health Access Initiative (CHAI),Breach Notification/Details,3/21/2016,3/21/2016,4/1/2016,1
Block and Company (MMF Industries),Breach Notification/Details,2/9/2016,3/1/2016,3/31/2016,4
St. Vincent Healthcare,Breach Notification/Details,12/3/2015,2/16/2016,3/31/2016,29
Sirius XM Satellite Radio,Breach Notification/Details,2/1/2016,2/1/2016,3/31/2016,3
Examination Management Services Inc. (EMSI),Breach Notification/Details,3/24/2016,3/24/2016,3/30/2016,12
Ullrich Delevati CPAs,Breach Notification/Details,3/15/2016,3/15/2016,3/28/2016,3
Mann Mortgage,Breach Notification/Details,2/19/2016,2/19/2016,3/25/2016,"3,098"
Armstrong Backus & Co. (myPay Solutions),Breach Notification/Details,1/24/2016,2/7/2016,3/25/2016,10
GlaxoSmithKline (GSK),Breach Notification/Details,2/7/2016,3/13/2016,3/25/2016,4
"Lanyon Solutions, Inc.",Breach Notification/Details,3/10/2016,3/10/2016,3/21/2016,1
Kantar Group,Breach Notification/Details,3/1/2016,3/1/2016,3/21/2016,4
Road and Highway Builders (Sterling Construction),Breach Notification/Details,2/25/2016,2/25/2016,3/21/2016,1
Advance Auto Parts,Breach Notification/Details,3/7/2016,3/7/2016,3/17/2016,376
Northern State Bank (supplemental),Breach Notification/Details,2/6/2016,3/8/2016,3/17/2016,6
PayneWest Insurance,Breach Notification/Details,3/15/2016,3/15/2016,3/17/2016,430
Intuit (6),Breach Notification/Details,3/3/2016,3/3/2016,3/16/2016,3
Engineering Solutions & Products,Breach Notification/Details,2/29/2016,2/29/2016,3/14/2016,1
21st Century Oncology,Breach Notification/Details,10/3/2015,10/3/2015,3/14/2016,264
Maxim Crane Works,Breach Notification/Details,3/2/2016,3/2/2016,3/11/2016,1
Matrix Service Company,Breach Notification/Details,2/3/2016,2/3/2016,3/11/2016,4
Seagate US LLC,Breach Notification/Details,2/29/2016,2/29/2016,3/9/2016,1
Turner Construction Company,Breach Notification/Details,3/2/2016,3/2/2016,3/8/2016,1
1-800 Flowers,Breach Notification/Details,2/15/2016,2/17/2016,3/8/2016,5
Intuit (5),Breach Notification/Details,2/9/2016,2/18/2016,3/8/2016,2
Applied Systems,Breach Notification/Details,2/19/2016,2/19/2016,3/7/2016,1
GCI,Breach Notification/Details,2/24/2016,2/24/2016,3/7/2016,4
eClinical Works,Breach Notification/Details,2/22/2016,2/22/2016,3/7/2016,3
Rosen Hotels & Resorts,Breach Notification/Details,9/2/2014,2/18/2016,3/4/2016,9
"ISCO Industries, Inc.",Breach Notification/Details,3/3/2016,3/3/2016,3/4/2016,1
Numerex Corp.,Breach Notification/Details,3/4/2016,3/4/2016,3/4/2016,3
Triple-i,Breach Notification/Details,2/26/2016,2/26/2016,3/3/2016,1
Intuit (4),Breach Notification/Details,2/4/2016,2/4/2016,3/2/2016,1
"Wal-Mart Stores, Inc.",Breach Notification/Details,2/15/2016,2/18/2016,3/1/2016,29
"Landry's, Inc. (Golden Nugget Atlantic City, LLC)",Breach Notification/Details,5/4/2014,12/3/2015,2/29/2016,27
TN Marketing,Breach Notification/Details,11/1/2015,1/13/2016,2/29/2016,54
Evening Post Industries,Breach Notification/Details,2/26/2016,2/27/2016,2/27/2016,314
"AmeriPride Services, Inc.",Breach Notification/Details,2/25/2016,2/25/2016,2/26/2016,1
Eye Institute of Corpus Christi,Breach Notification/Details,1/6/2016,1/6/2016,2/26/2016,3
Northern State Bank,Breach Notification/Details,2/6/2016,2/8/2016,2/25/2016,15
"Incipio, LLC",Breach Notification/Details,1/26/2016,1/26/2016,2/24/2016,29
L4 Digital,Breach Notification/Details,9/1/2015,9/30/2015,2/24/2016,1
Superior Labels and Rubberstamps.net,Breach Notification/Details,11/3/2015,12/11/2015,2/19/2016,34
"Tetra Technologies, Inc.",Breach Notification/Details,2/4/2016,2/4/2016,2/16/2016,10
"Alliance Health Networks, LLC",Breach Notification/Details,12/17/2015,12/17/2015,2/15/2016,103
Seneca High School,Breach Notification/Details,1/22/2016,1/22/2016,2/12/2016,1
"Polycom, Inc.",Breach Notification/Details,2/5/2016,2/6/2016,2/12/2016,1
Capezio,Breach Notification/Details,10/1/2015,11/30/2015,2/10/2016,15
"Providence (St. Patrick Hospital, Missoula)",Breach Notification/Details,1/31/2016,2/10/2016,2/10/2016,1
Lowcountry Orthopaedics & Sports Medicine,Breach Notification/Details,12/3/2015,12/3/2015,2/9/2016,1
Baja Bound Insurance Services,Breach Notification/Details,12/16/2015,12/16/2015,2/8/2016,3
"Shire Human Genetic Therapies, Inc.",Breach Notification/Details,12/30/2015,1/11/2016,2/8/2016,16
"Seirus Innovative Accessories, Inc.",Breach Notification/Details,11/12/2015,11/26/2015,2/5/2016,1
"Gyft, Inc.",Breach Notification/Details,10/3/2015,12/18/2015,2/5/2016,431
University of Central Florida,Breach Notification/Details,1/15/2016,1/15/2016,2/5/2016,14
University of Mary Washington,Breach Notification/Details,1/5/2016,1/5/2016,2/4/2016,3
Toyota Motor Credit Corporation (2),Breach Notification/Details,12/28/2015,1/4/2016,2/2/2016,3
TaxSlayer,Breach Notification/Details,10/10/2015,12/21/2015,1/29/2016,27
"Richardson & Company, P.C.",Breach Notification/Details,12/18/2015,12/18/2015,1/29/2016,1
Oiselle Running Inc.,Breach Notification/Details,10/29/2015,11/5/2015,1/29/2016,5
"Hain Celestial Group, Inc. (Alba Botanica)",Breach Notification/Details,5/16/2015,12/9/2015,1/28/2016,4
"#1 A LifeSafer of Montana, Inc. (LifeSafer)",Breach Notification/Details,12/1/2015,1/25/2016,1/26/2016,1
HK Financial Services,Breach Notification/Details,1/11/2016,1/11/2016,1/22/2016,5
"Kicky Pants, Inc. d/b/a KikKee Pants",Breach Notification/Details,9/24/2015,12/26/2015,1/21/2016,17
"Motivate International, Inc.",Breach Notification/Details,1/8/2016,1/8/2016,1/19/2016,2
New West Health Services d/b/a New West Medicare,Breach Notification/Details,11/18/2015,11/18/2015,1/15/2016,"25,196"
Intuit (3),Breach Notification/Details,12/8/2015,12/17/2015,1/15/2016,2
MaineGeneral Medical Center,Breach Notification/Details,9/11/2015,9/12/2015,1/15/2016,10
Hyatt Hotels Corporation,Breach Notification/Details,7/30/2015,12/8/2015,1/14/2016,1
"Livongo Health, Inc.",Breach Notification/Details,11/26/2015,11/26/2015,1/14/2016,1
"HSBC Bank, USA",Breach Notification/Details,12/7/2015,12/8/2015,1/13/2016,80
"JB Autosports, Inc.",Breach Notification/Details,8/1/2015,11/9/2015,1/13/2016,11
Grunt Style LLC,Breach Notification/Details,12/10/2015,12/10/2015,1/8/2016,1
"Blucora, Inc. (TaxAct)",Breach Notification/Details,11/10/2015,11/10/2015,1/8/2016,1
"Hyde Park Partners, Inc. (MROStop LLC)",Breach Notification/Details,12/1/2015,12/14/2015,1/4/2016,2
Regional Income Tax Agency,Breach Notification/Details,11/10/2015,11/17/2015,12/31/2015,6
St. Luke's Cornwall Hospital,Breach Notification/Details,10/31/2015,10/31/2015,12/30/2015,1
HDIS,Breach Notification/Details,11/27/2015,11/30/2015,12/28/2015,3
Farm to Feet,Breach Notification/Details,8/3/2015,11/18/2015,12/23/2015,5
Matson Navigation and Horizon Lines,Breach Notification/Details,11/9/2015,12/7/2015,12/23/2015,43
Thomas Nelson Community College,Breach Notification/Details,12/8/2015,12/8/2015,12/18/2015,1
"Dungarees, LLC",Breach Notification/Details,10/15/2015,11/20/2015,12/18/2015,48
Gonzaga University,Breach Notification/Details,8/30/2015,8/30/2015,12/18/2015,4
State Farm (2),Breach Notification/Details,10/26/2015,10/26/2015,12/15/2015,2
"Centerra Group, LLC (ADP)",Breach Notification/Details,10/28/2015,10/28/2015,12/14/2015,1
TuneCore,Breach Notification/Details,11/17/2015,11/17/2015,12/11/2015,23
Toyota Motor Credit Corporation (1),Breach Notification/Details,8/5/2015,8/5/2015,12/11/2015,39
New England Calendar and Novelty Company,Breach Notification/Details,9/24/2015,9/24/2015,12/10/2015,2
Cottage Health,Breach Notification/Details,10/26/2015,11/8/2015,12/3/2015,1
Precision Resource Company,Breach Notification/Details,11/17/2015,11/17/2015,11/30/2015,1
Intuit (2),Breach Notification/Details,10/23/2015,10/23/2015,11/25/2015,1
Hilton,Breach Notification/Details,11/18/2014,12/5/2014,11/24/2015,Unknown
Hilton,Breach Notification/Details,4/21/2015,7/27/2015,11/24/2015,Unknown
Wilderness Hotel and Golf Resort,Breach Notification/Details,3/9/2015,6/8/2015,11/20/2015,Unknown
Intuit (1),Breach Notification/Details,10/12/2015,10/20/2015,11/17/2015,36
Seattle Chocolates Company,Breach Notification/Details,9/29/2015,11/2/2015,11/16/2015,1
"OH Muhlenberg, LLC",Breach Notification/Details,9/16/2015,9/16/2015,11/13/2015,17
Fashion to Figure,Breach Notification/Details,10/16/2015,10/16/2015,11/13/2015,3
Noble House Hotel and Resorts (2),Breach Notification/Details,12/29/2014,8/11/2015,11/13/2015,165
Integrated Listening Systems,Breach Notification/Details,5/18/2015,5/18/2015,11/12/2015,1
Brandeis University,Breach Notification/Details,10/24/2015,10/25/2015,11/12/2015,3
Dow Corning Corporation,Breach Notification/Details,8/31/2015,9/30/2015,10/30/2015,4
Transcontinental Fund (Wolff Co.),Breach Notification/Details,9/1/2015,9/30/2015,10/28/2015,1
Stiletto Solutions,Breach Notification/Details,9/16/2015,9/16/2015,10/28/2015,6
Noble House Hotels and Resorts (1),Breach Notification/Details,1/28/2015,8/3/2015,10/22/2015,22
"Accuform Manufacturing, Inc.",Breach Notification/Details,6/30/2015,6/30/2015,10/20/2015,23
Ameriprise Financial (1),Breach Notification/Details,10/9/2015,10/9/2015,10/19/2015,1
Schlage Lock Company,Breach Notification/Details,9/23/2015,9/23/2015,10/13/2015,1
Services Systems Associates,Breach Notification/Details,3/24/2015,5/20/2015,10/13/2015,Unknown
Eyebuy Direct,Breach Notification/Details,6/16/2015,6/16/2015,10/13/2015,13
"Salt Lake County, Utah",Breach Notification/Details,9/9/2015,9/9/2015,10/9/2015,11
Dow Jones & Company,Breach Notification/Details,8/19/2015,8/19/2015,10/9/2015,6
Red Dress Boutique,Breach Notification/Details,9/15/2015,9/15/2015,10/5/2015,1
"T-Mobile USA, Inc.",Breach Notification/Details,9/15/2015,9/15/2015,10/1/2015,"1,134"
Brunswick Hotel & Tavern,Breach Notification/Details,8/12/2015,8/12/2015,8/21/2015,6
Rombauer Vineyards,Breach Notification/Details,4/1/2015,4/30/2015,6/16/2015,33
State Farm (1),Breach Notification/Details,6/8/2015,6/8/2015,6/15/2015,13
Stanislaus Surgical Hospital,Breach Notification/Details,4/5/2015,4/5/2015,5/6/2015,1
Springfield Armory,Breach Notification/Details,,,,
